depth,pc05,pc10,pc25,pc50,pc75,pc90,pc95,censored,drip_upper_bound,pc50_for_continuity
0.18,12.942802966089523,13.45739959176416,14.399740222165804,15.588323816520132,16.958035023316842,18.381666653178645,19.33756861070644,0,,15.588323816520132
0.3,13.565751985222036,14.12323929602003,15.14759921962226,16.446173816669315,17.95171773609313,19.526863246636623,20.590532869026905,0,,16.446173816669315
0.42,13.3188051393475,13.86067734609087,14.855347587612188,16.11433879477556,17.571326401850616,19.09257069882042,20.11798014666562,0,,16.11433879477556
0.54,12.091658478246076,12.549206078549307,13.382939410578182,14.426907139455444,15.619796351705755,16.848130338428298,17.666559797265915,0,,14.426907139455444
0.66,13.381355139492577,13.925240350997855,14.923415377049968,16.186636501555945,17.64821217677209,19.1739275972224,20.202217061948865,0,,16.186636501555945
0.78,15.01426537737094,15.681114294499343,16.916956043126874,18.503644431093576,20.37169296549712,22.35942850344721,23.721413868959004,0,,18.503644431093576
0.9,13.755233643624864,14.32682515859615,15.378485888634184,16.713957175252887,18.26561657517541,19.892741312160908,20.99369365386035,0,,16.713957175252887
1.02,13.698240540757997,14.262717208522297,15.300568067481109,16.61678562143488,18.14377066791266,19.74220849377186,20.822170960268224,0,,16.61678562143488
1.14,13.426965339654702,13.974218867370164,14.978865894286312,16.2507331494999,17.72315984661652,19.26096024838778,20.29793047865265,0,,16.2507331494999
1.26,13.273448496762107,13.811989852663617,14.800319749455864,16.050626445816675,17.496921447195525,19.006093424349185,20.023077478443312,0,,16.050626445816675
1.38,13.987100039735914,14.579217924936088,15.670671123777442,17.060828078265057,18.68179822909476,20.388269521066757,21.546659418368183,0,,17.060828078265057
1.5,14.28312739780423,14.893648168212536,16.020243925919036,17.457406447870746,19.136280451013192,20.907461621048604,22.11199237073788,0,,17.457406447870746
1.62,14.788865414453854,15.4391972797757,16.643111643826863,18.1861957488711,19.9991492886029,21.92392993814747,23.24005024467667,0,,18.1861957488711
1.74,15.509780022107114,16.217223493809982,17.532517513927996,19.229004458717583,21.237772512928448,23.38869122591485,24.8708301454833,0,,19.229004458717583
1.86,14.98609924283848,15.650619605472842,16.88207067337541,18.46263208656481,20.32291039348056,22.301621876620366,23.65706528561428,0,,18.46263208656481
1.98,14.897544588521486,15.55821108587058,16.782508576743,18.35385827930517,20.20342024930113,22.170741327354968,23.518523363967784,0,,18.35385827930517
2.1,15.21364377926248,15.898351701780095,17.169376211824435,18.8049028473248,20.735960248157543,22.79702773305221,24.21338334448116,0,,18.8049028473248
2.34,15.913436994734354,16.656686220766247,18.042645416496736,19.83788253143747,21.97471762202978,24.27640717054668,25.870019378023397,0,,19.83788253143747
2.46,15.53996946506114,16.249857804346572,17.570076869216287,19.273431544698287,21.290972062874427,23.45215328858789,24.941809911879368,0,,19.273431544698287
2.58,16.035188577805567,16.78507256616466,18.183639208094142,19.99553386888705,22.15291905654257,24.4772879759207,26.087327382221577,0,,19.99553386888705
2.7,15.818607750237131,16.553799227448252,17.923833213246134,19.6968913493203,21.804988817082528,24.07270991270345,25.64178133916588,0,,19.6968913493203
2.94,16.50091106488869,17.2931749310287,18.775525287601575,20.70549778699696,23.01722108665784,25.524987328308804,27.272462856269456,0,,20.70549778699696
3.06,15.126765077303007,15.804367448994626,17.061551629355254,18.67787270981233,20.58438477184417,22.617067721984213,24.01214903074851,0,,18.67787270981233
3.18,16.266400837562166,17.038182815090508,18.48005398205137,20.35303643331241,22.590390013192245,25.00999111580772,26.69113109154768,0,,20.35303643331241
3.3,16.597166067806796,17.39587254125737,18.8907725981824,20.83780951451601,23.17129116833257,25.70421278026716,27.469944507400275,0,,20.83780951451601
3.42,16.135311376439176,16.895741438625898,18.31519226863625,20.15688276597101,22.353404965555804,24.724588429876885,26.37023620868518,0,,20.15688276597101
3.54,16.56304990244325,17.35875692279673,18.847677449504715,20.78638607240288,23.108879747119783,25.62876567573458,27.38474069786939,0,,20.78638607240288
3.66,18.09432880959186,19.025702103708447,20.78431807975908,23.10540356426735,25.933515261763,29.061753346371404,31.27947011530528,0,,23.10540356426735
3.9,17.624225753394782,18.5185659704314,20.20364017013569,22.421268620783177,25.11335645901847,28.07882751548659,30.17272082076069,0,,22.421268620783177
4.02,19.265733501818783,20.30888808035163,22.292517170538744,24.938698816460093,28.20699576122762,31.87950293770367,34.520103809310555,0,,24.938698816460093
4.14,17.30975028934606,18.17256946911712,19.7947369303813,21.921919083299507,24.49286770504744,27.31047867936513,29.29129349873337,0,,21.921919083299507
4.26,15.945268242000695,16.691280678552115,18.08261658022097,19.88530492036468,22.03184270760145,24.34494655783253,25.94696788032664,0,,19.88530492036468
4.38,15.45006356342732,16.154313533046626,17.463600105246137,19.152021719561063,21.151002279701608,23.291105594396974,24.7654628328911,0,,19.152021719561063
4.5,15.691002061060786,16.411742793326408,17.753034836807483,19.485139982703544,21.53929438323119,23.74266710792156,25.26294198904549,0,,19.485139982703544
4.62,20.043408088215656,21.1541317012388,23.273736942665582,26.11603293494088,29.64944324320029,33.65086310245073,36.54818734119344,0,,26.11603293494088
4.74,13.845161903332086,14.42498875309196,15.492609391744889,16.850030434495114,18.42951153359618,20.088474176788427,21.21243749995,0,,16.850030434495114
4.86,12.08565099655681,12.544980798047687,13.382304102217365,14.431425493158706,15.6310816350612,16.867392518506698,17.69163810406969,0,,14.431425493158706
4.98,12.22122076964312,12.689752951322752,13.544768708633214,14.617436027579044,15.845802977995053,17.113687795461512,17.96043169190581,0,,14.617436027579044
5.1,16.990314245811664,17.82627040340768,19.395232180742003,21.447384721082265,23.91972611485786,26.619450583409467,28.511478471543438,0,,21.447384721082265
5.22,22.265484213107232,23.616694964690023,26.23091497462053,29.81308217754199,34.392762539180644,39.75384673149912,43.75592824443938,0,,29.81308217754199
5.34,20.310468989748973,21.461091876013345,23.663457028964466,26.63175313917143,30.34557756915326,34.583017211079714,37.67286570327342,0,,26.63175313917143
5.46,33.001438336195406,35.7683889717291,41.429211029928936,49.83037445402379,61.41520839433504,74.93310428472134,83.53314569449498,0,,49.83037445402379
5.58,17.765831766213378,18.66406745392477,20.35583824484394,22.580623523206,25.279020059944155,28.247990929966782,30.343126470014163,0,,22.580623523206
5.7,10.481593564015546,10.84106364084244,11.490143186121728,12.292413001746276,13.195040755210105,14.10929611941199,14.710111780773836,0,,12.292413001746276
5.94,58.11374415102312,63.430457054430775,73.04055922989811,83.67612669463531,92.24665120402726,96.95278444013184,98.47840418737132,0,,83.67612669463531
6.06,14.299126315104845,14.913835187307342,16.04902125640604,17.49850477435248,19.193792192904763,20.984527019411463,22.203529971769804,0,,17.49850477435248
6.18,55.01943542357999,60.25345503854245,69.99253466848661,81.28568189450031,90.8703523873955,96.35942051602262,98.17501025235134,0,,81.28568189450031
6.3,13.053930760246708,13.579090953025515,14.541895522251226,15.75836779115864,17.16327942875508,18.626812983494737,19.61164172177776,0,,15.75836779115864
6.42,21.44514732923541,22.711532789406142,25.1512573027969,28.471890836494254,32.679982590966766,37.55458447861855,41.15934022274882,0,,28.471890836494254
6.54,39.02284185898373,42.67354503302092,50.18253944817014,61.1297294751737,74.81683688278105,87.2220226037499,92.90969680436427,0,,61.1297294751737
6.66,20.36519110113217,21.51236163466829,23.706462714016485,26.65967709755889,30.348541848617646,34.549003083635846,37.60649637513046,0,,26.65967709755889
6.78,28.44733729210712,30.570416253574194,34.83077599799678,41.00628232916455,49.47428237433052,60.082102252077846,68.20085047763378,0,,41.00628232916455
6.9,15.124185892852058,15.804979407033684,17.068798748419955,18.69506386698626,20.6151717067974,22.66476677634693,24.072905960342464,0,,18.69506386698626
7.1,5.719872865403076,5.846119668843441,6.067764196509964,6.329298123635484,6.61003701932239,6.880101948497419,7.0505877510126505,0,,6.329298123635484
8.09,12.275735455685322,12.750414396679194,13.617207775628502,14.705986054662832,15.954671876985632,17.245659303695593,18.10826356094812,0,,14.705986054662832
9.08,11.304427710857617,11.71482516665916,12.459724118283804,13.387153519785317,14.4397653582088,15.515785218275102,16.228358226314615,0,,13.387153519785317
9.84,12.870445358198852,13.386167935569702,14.331184594269546,15.524481069548202,16.90173014726099,18.335291332303104,19.298647404846644,0,,15.524481069548202
10.45,12.307791563815794,12.783589444519356,13.6522769587276,14.743400604838964,15.994761146222205,17.28833068040662,18.15264669949984,0,,14.743400604838964
11.06,12.263533604001402,12.738507124589812,13.605969962566936,14.695937200381197,15.946260964663322,17.239400940831494,18.103606166033156,0,,14.695937200381197
11.67,12.50808897172552,13.000361557908391,13.900700836905685,15.034400040900518,16.3388633728229,17.691655468976556,18.59811315522116,0,,15.034400040900518
12.28,10.76925287167027,11.144754154594148,11.823751750492482,12.66468432561071,13.613186266835267,14.576336058084555,15.210708447621595,0,,12.66468432561071
12.89,13.274658088532483,13.81996144799929,14.821893208036675,16.091970704674853,17.56457536523136,19.10512593168426,20.144790767158504,0,,16.091970704674853
13.5,12.925988872214685,13.44691314957435,14.402296854535097,15.60964902682309,17.004709663076834,18.4582600768343,19.43653361745824,0,,15.60964902682309
14.11,12.32383814233408,12.803021604091027,13.6785313293967,14.779092007987632,16.042702585262578,17.350197058269394,18.22474810722512,0,,14.779092007987632
14.72,12.517429731002498,13.011507321962632,13.91561593479592,15.054461349297403,16.365621231613883,17.72600914718659,18.638600912731043,0,,15.054461349297403
15.33,11.046460967455642,11.446997277131688,12.173804977589391,13.078718455873606,14.105082997367038,15.15489427976954,15.848867560859494,0,,13.078718455873606
15.94,11.917902508473022,12.373439381637272,13.204411920158762,14.246638158480808,15.439822795857433,16.67042963241016,17.490851213008327,0,,14.246638158480808
16.55,13.486212740418903,14.04742694850039,15.079905360467947,16.39130235123081,17.915492241112783,19.514281526703616,20.595735771197518,0,,16.39130235123081
17.16,12.443283177488407,12.933188330790054,13.829525096692496,14.95867015211019,16.257688523539702,17.605413242296418,18.508022980746283,0,,14.95867015211019
17.77,12.393122749588754,12.878453971917658,13.765646458418884,14.88219231345186,16.165103673612833,17.49473754661405,18.38609129421899,0,,14.88219231345186
18.38,10.368020242593657,10.725648347488605,11.37164681324963,12.170699657446438,13.070572399506132,13.982666321298332,14.582168159825155,0,,12.170699657446438
18.99,11.112605118161277,11.516383430197829,12.249320091193646,13.162062141765269,14.198359644668331,15.25739232033464,15.959292417025091,0,,13.162062141765269
19.6,10.544362606176438,10.905175304530438,11.55655142236608,12.36135668808287,13.266564068601404,14.18309022097331,14.78519060531279,0,,12.36135668808287
20.21,8.515828026059834,8.76829950318533,9.218898319549163,9.766442965571631,10.370600118305022,10.970120333999578,11.357447734034183,0,,9.766442965571631
20.82,9.60643595761482,9.915858658906387,10.471562787405396,11.153176985316744,11.913308712879504,12.676035277274035,13.1733141484409,0,,11.153176985316744
21.43,7.581910105491483,7.790652380356184,8.161354864266237,8.608409987142,9.09746004857804,9.578487241432503,9.887034425780865,0,,8.608409987142
22.04,10.862442432664489,11.243715095621653,11.933611751244609,12.788835799536551,13.754369825230173,14.73591931038763,15.38294868968356,0,,12.788835799536551
22.65,8.743979369009358,9.006626027558392,9.475938606696069,10.047051626654085,10.678250231911182,11.30568259048036,11.711643009712656,0,,10.047051626654085
23.26,5.674293778674783,5.805524150198639,6.03594341858176,6.309501557289861,6.603603191527996,6.887936182982209,7.067634370178772,0,,6.309501557289861
23.86,9.870972490160664,10.194165222128962,10.775377806063046,11.489617120004867,12.287942322023136,13.090879328014122,13.615392194057964,0,,11.489617120004867
24.47,9.64573236535912,9.955327878428012,10.511069584612532,11.19246225658938,11.951955455809678,12.713652958890728,13.210112337656843,0,,11.19246225658938
25.08,7.46401414594519,7.669445509051912,8.03412883307379,8.47400562626802,8.955145699646378,9.428199167130249,9.73181446248086,0,,8.47400562626802
25.69,8.74968606736796,9.013896447303845,9.4860121808985,10.06088288259606,10.6966324147037,11.32899859779283,11.738254910406804,0,,10.06088288259606
26.3,10.893450338400346,11.275790211306456,11.967577401335284,12.825139946494538,13.793302384809683,14.777490946771833,15.426304826771812,0,,12.825139946494538
26.91,9.806058383103377,10.12544396720958,10.6996797115701,11.404906080540352,12.192572293564975,12.984189750805736,13.501078721984886,0,,11.404906080540352
27.52,7.953412922314721,8.177979491079489,8.577154752709252,9.059830062225616,9.589368578432216,10.111679473510472,10.447513480599032,0,,9.059830062225616
28.1,9.101807530566273,9.383724295237792,9.88849486500242,10.504892795866423,11.188735054314913,11.871219501109143,12.314292578262664,0,,10.504892795866423
28.66,11.595799689066954,12.01927774265923,12.788281817852411,13.746599377231776,14.83524227429108,15.949255334791212,16.687607918732542,0,,13.746599377231776
29.23,10.29579399247903,10.643215116997728,11.269663256187496,12.042381027084756,12.909706131671577,13.785998366060689,14.360632803941431,0,,12.042381027084756
29.79,10.923866003027907,11.30636621791331,11.99823469046741,12.855580313393515,13.823208244512704,14.806482776658507,15.454352639315452,0,,12.855580313393515
30.35,10.634073150181717,10.999591357684109,11.65953725285351,12.475406382244286,13.393691919262425,14.324038877856689,14.935564545635891,0,,12.475406382244286
30.91,10.986709500878296,11.373068123260516,12.072348297955411,12.93937118094617,13.918514455610458,14.914276390276289,15.570799272950282,0,,12.93937118094617
31.5,10.83109322727062,11.20954668701467,11.894053045364876,12.742034892883666,13.698743621056952,14.67067763924826,15.310852477247062,0,,12.742034892883666
32.11,11.018451166481132,11.406724638526864,12.109753750390476,12.98168043268582,13.966689782281057,14.968759261805165,15.629630397304933,0,,12.98168043268582
32.72,10.694495146367975,11.062771189841166,11.728010662026712,12.550663048824722,13.476761730642911,14.415396659367214,15.032581695019593,0,,12.550663048824722
33.33,9.724781977747062,10.040272959257743,10.607135206516624,11.303059515549538,12.079898517473728,12.86018642697228,13.369420436866344,0,,11.303059515549538
33.94,10.326278988673469,10.67470325013136,11.303029882173082,12.078021409947835,12.947914685546618,13.826786048329978,14.403128453035348,0,,12.078021409947835
34.55,10.988285965289808,11.376598071186404,12.079616552134924,12.951802283597754,13.93750765773139,14.940688703407966,15.602477286744938,0,,12.951802283597754
35.08,11.359642222327366,11.768747461405626,12.510800772560136,13.433758173855113,14.479918449047036,15.548023161572974,16.25452344054115,0,,13.433758173855113
35.55,10.634073150181717,10.999591357684109,11.65953725285351,12.475406382244286,13.393691919262425,14.324038877856689,14.935564545635891,0,,12.475406382244286
36.03,10.200378380763915,10.541258878957285,11.155518644123696,11.912307491656858,12.760597738339367,13.616444793762176,14.177030472418462,0,,11.912307491656858
36.51,10.632469733731652,10.99955425539112,11.662644875251036,12.482877549722312,13.406661216103052,14.343236141984091,14.959218862026372,0,,12.482877549722312
36.99,10.70757370185847,11.080163920256217,11.75363569814726,12.587585522073708,13.527855864609643,14.482337448092116,15.11080916329218,0,,12.587585522073708
37.47,10.738976411587014,11.111623308197938,11.785383224483414,12.619368050717814,13.55930856390544,14.51317724769648,15.140954569214744,0,,12.619368050717814
38.08,10.76925287167027,11.144754154594148,11.823751750492482,12.66468432561071,13.613186266835267,14.576336058084555,15.210708447621595,0,,12.66468432561071
38.58,10.98910415153295,11.378405689382424,12.083287778255382,12.958103138671502,13.94716689653495,14.95413673572725,15.618577370243946,0,,12.958103138671502
39.16,9.844923034243092,10.166559983530624,10.744959324452292,11.455574890149396,12.249629052788205,13.048009719373454,13.569465256131435,0,,11.455574890149396
39.73,10.509728797838086,10.871777788689144,11.525818654923295,12.334580622965756,13.24513163514389,14.16810228499208,14.774712193685788,0,,12.334580622965756
40.31,9.6693476627338,9.98239748983773,10.54478509803356,11.23500616506212,12.005239301000222,12.778613220663466,13.283325778970545,0,,11.23500616506212
40.89,8.453677251683686,8.705787402870975,9.155849502554233,9.703134149891673,10.307460761533736,10.907481142247851,11.295479718515978,0,,9.703134149891673
41.23,8.543583693034591,8.799896467388422,9.257479522960256,9.8143566486727,10.429660117413906,11.041089448411654,11.436617872565057,0,,9.8143566486727
41.41,9.449127805691234,9.752428725062256,10.297018863119082,10.964637129753278,11.708811711832158,12.45517937742074,12.941631471312622,0,,10.964637129753278
41.55,9.43688807138424,9.739490782096768,10.282720458193712,10.948662925739304,11.690899403540202,12.435101938521752,12.920276220322776,0,,10.948662925739304
41.72,11.16647571910289,11.56607275693242,12.290376519403823,13.190524817571925,14.209774164164935,15.24923232425599,15.9361957011868,0,,13.190524817571925
41.86,10.893450338400346,11.275790211306456,11.967577401335284,12.825139946494538,13.793302384809683,14.777490946771833,15.426304826771812,0,,12.825139946494538
42.03,11.053545092616938,11.446883998587936,12.1594996953907,13.044393509986122,14.045543851227626,15.065555240927065,15.739261434419868,0,,13.044393509986122
42.21,9.910364185396451,10.235837433672872,10.821321498814124,11.541073383374908,12.345862664748084,13.155672992409912,13.684976220430888,0,,11.541073383374908
42.39,7.835026985573388,8.05969754259831,8.4597154249351,8.944050241690995,9.47638447198308,10.002061275856498,10.341204662943914,0,,8.944050241690995
42.59,8.404553158283091,8.650190150841581,9.088029464489352,9.619366172419964,10.204601989836611,10.784301017699583,11.158276441461728,0,,9.619366172419964
42.84,7.620873646418227,7.83385794604484,8.21241644204292,8.669756788879655,9.170828419920827,9.664400333005505,9.981598853336203,0,,8.669756788879655
42.99,10.87812912321168,11.260404221938655,11.952109567433157,12.809758174118558,13.778162758126324,14.76282491945718,15.412092583531615,0,,12.809758174118558
43.15,10.737648137008463,11.11377876874588,11.7942669002833,12.63758880920935,13.589402593257311,14.556641654749225,15.194317518586422,0,,12.63758880920935
43.4,9.716548388224243,10.03076474907208,10.595422485563102,11.28831198953549,12.06146385089385,12.837704624675617,13.34411610049082,0,,11.28831198953549
43.66,9.651989165733273,9.964730929738788,10.526679377996738,11.216405865160604,11.986215642034088,12.759223733643214,13.263770456410004,0,,11.216405865160604
43.98,8.51105407972703,8.765034368878553,9.218460568413072,9.769794265591717,10.378587812700236,10.983260379546197,11.374152999135385,0,,9.769794265591717
44.24,9.801568823891024,10.119199884476108,10.690088044945371,11.390868484937698,12.17302345304657,12.958549380924127,13.471182973225275,0,,11.390868484937698
44.51,8.381293933992756,8.628402157341714,9.069357653971975,9.604907572861975,10.195450698785733,10.780963278193076,11.159222728954996,0,,9.604907572861975
44.77,7.381142290159252,7.582997958664666,7.941327634231762,8.373209174018998,8.84533729077215,9.309162090227204,9.60674809541008,0,,8.373209174018998
44.99,10.878760367545311,11.262875687452574,11.95823134149826,12.820885627193714,13.795681044021284,14.787558045972853,15.44211833711374,0,,12.820885627193714
45.17,8.725310057934339,8.985222442115248,9.449404646592429,10.013775003398232,10.63690686142058,11.255626048332925,11.655581230053157,0,,10.013775003398232
45.35,10.127959263487918,10.469325853879743,11.084849290813615,11.84389807371677,12.69586406847711,13.556342908841955,14.120558647105245,0,,11.84389807371677
45.53,10.208975783349826,10.552011120841165,11.170323112331658,11.932596126205164,12.787681173474695,13.65103718060028,14.21690763384808,0,,11.932596126205164
45.71,8.562114964067538,8.818770959018554,9.27708617945306,9.834727940461288,10.450882435307609,11.063027973033718,11.4591292934718,0,,9.834727940461288
45.89,8.28201395686003,8.522426247603407,8.950812428236073,9.470324925781046,10.042079008738048,10.60800609760484,10.97285733055417,0,,9.470324925781046
46.17,11.829640814102444,12.265407199924612,13.057593825281469,14.04575075588771,15.16996007147017,16.322079632362318,17.086812770686905,0,,14.04575075588771
46.52,8.78277970597726,9.046954659330368,9.51889948327952,10.093320486602083,10.728263549941529,11.359449620414033,11.767978769160583,0,,10.093320486602083
46.86,10.648943805501132,11.015366825651716,11.677039508157105,12.495147392366713,13.416076826256871,14.349285605992913,14.96273127053468,0,,12.495147392366713
47.21,10.529647689100171,10.889601516758283,11.539322530138806,12.341930802013422,13.24456213181024,14.158292369715376,14.758480505419495,0,,12.341930802013422
47.54,9.390734533524578,9.684730343289129,10.211378289122802,10.855257765825732,11.570576351136015,12.285445057855826,12.750106036269663,0,,10.855257765825732
47.85,9.280575355448834,9.570304134222605,10.089509308110747,10.724067877587157,11.428843767655213,12.132957910633063,12.590479220885427,0,,10.724067877587157
48.16,9.4988427838027,9.800102620108165,10.340451822629973,11.002039667893651,11.738349145059557,12.475573432294915,12.955421044813756,0,,11.002039667893651
48.48,10.740066390564833,11.110126061973846,11.779032987110808,12.606141221207826,13.537481879944403,14.48157529924846,15.102376674913488,0,,12.606141221207826
48.79,11.954498224413692,12.401674398011066,13.215674793171615,14.233349038537057,15.393943380969024,16.586615954801513,17.37982061498851,0,,14.233349038537057
49.1,10.101427513473013,10.43728939876637,11.0421432890688,11.786836869689212,12.62100751104143,13.461906629842147,14.01234813149606,0,,11.786836869689212
49.51,11.177884715060143,11.575322144245009,12.295514635041972,13.189740422662112,14.20133228113178,15.23198865638952,15.912537600919064,0,,13.189740422662112
49.97,10.619290987418328,10.983781497034236,11.642069429937882,12.455731351167328,13.371369265288266,14.29885726652856,14.908484445634109,0,,12.455731351167328
50.43,11.582095024558654,12.005663631936226,12.774978182884606,13.73379888920842,14.823291453891304,15.938412036540054,16.67765757095222,0,,13.73379888920842
50.89,10.987487869591428,11.374818965860198,12.0759609611392,12.945557315999045,13.927977724006729,14.927435412930318,15.586565258852913,0,,12.945557315999045
51.35,12.161248402094731,12.622370848560491,13.462891579905191,14.515744479250762,15.71912533449128,16.958822244403464,17.785026734858366,0,,14.515744479250762
51.81,11.634682367275408,12.061673765769337,12.837513291782928,13.804936871786294,14.904776940603757,16.03128418784443,16.7783843685385,0,,13.804936871786294
52.22,10.10905216202159,10.446940111053562,11.05570668626402,11.805668426632266,12.64634506579085,13.494507190407536,14.049906511379096,0,,11.805668426632266
52.6,11.461308185707557,11.876925715765289,12.63137459327418,13.570633483524276,14.636423532560118,15.725849788288135,16.447173370078428,0,,13.570633483524276
52.98,12.281416798488127,12.748508977095264,13.600232914983527,14.667543445593733,15.888196778929872,17.146287232536928,17.985125789413818,0,,14.667543445593733
53.36,10.41193632120468,10.765564689956989,11.403534868301644,12.191033211311131,13.07578599646786,13.970595719531532,14.55777919740951,0,,12.191033211311131
53.74,11.808427530056653,12.245844118677857,13.04140796019043,14.03466103040925,15.165576588482214,16.325769013617087,17.096345673234797,0,,14.03466103040925
54.12,10.053211043566993,10.381566174373653,10.972414544851402,11.698310261518058,12.50950152003591,13.325098338159147,13.857831274044548,0,,11.698310261518058
54.57,11.197701792694652,11.598344157255026,12.324527652970271,13.227009922011373,14.248905557730817,15.291009101835686,15.97972685123406,0,,13.227009922011373
55.06,12.375079336753132,12.85091409702128,13.719355248648148,14.809327175398002,16.058074823586843,17.347769044567414,18.20911848107789,0,,14.809327175398002
55.56,10.800239432894942,11.176750901156096,11.85762518899374,12.700863483502973,13.651984929628,14.617792372141674,15.25382891103066,0,,12.700863483502973
56.05,12.804654720075138,13.310605896360231,14.236571890685688,15.403333396258663,16.74653280114563,18.140793010153363,19.07626750742352,0,,15.403333396258663
56.55,12.375079336753132,12.85091409702128,13.719355248648148,14.809327175398002,16.058074823586843,17.347769044567414,18.20911848107789,0,,14.809327175398002
57.04,12.847085039392008,13.356090972944052,14.287839555886205,15.462358965319892,16.81513086684343,18.220046000822794,19.163085918762068,0,,15.462358965319892
57.45,13.041611273134716,13.564545920352852,14.52307311870403,15.73352346700262,17.13070876492474,18.58519379884327,19.563475797609488,0,,15.73352346700262
57.79,12.535365194365276,13.022330123970876,13.911958936845714,15.03025759465102,16.313714267119945,17.641760619970437,18.53017421287608,0,,15.03025759465102
58.14,11.526454568916533,11.950367465515043,12.720780655904006,13.681662900447655,14.774426034058232,15.894006218186464,16.637050459587826,0,,13.681662900447655
58.49,12.815476946067866,13.323423730387573,14.253327664527513,15.425610234716874,16.775865772724963,18.17830461385677,19.119842725839916,0,,15.425610234716874
58.83,12.546528824380983,13.03310733450515,13.921924701310235,15.038869700392253,16.320399545076718,17.64608665088173,18.532707012316926,0,,15.038869700392253
59.18,11.505485009651848,11.927018638541709,12.692782869198329,13.647443294979528,14.732468104887488,15.843354456119869,16.580131805673375,0,,13.647443294979528
59.52,12.047456806428984,12.50417580381055,13.336553115388934,14.379127332698417,15.570750041715549,16.798129688493145,17.616387495891473,0,,14.379127332698417
59.87,12.583788165361364,13.077665377077242,13.980973116768636,15.118099615799084,16.425535355846208,17.780939846951696,18.689612398257257,0,,15.118099615799084
60.22,12.28018029648103,12.75283809308261,13.61561513032327,14.698602132231697,15.939648573383208,17.22164131211632,18.077890563639848,0,,14.698602132231697
60.56,12.720624099359616,13.22059984228024,14.135108088597413,15.286648933837617,16.610986841150453,17.984398197619022,18.904821130627944,0,,15.286648933837617
60.91,11.008930649589445,11.403194376343087,12.117810489997728,13.005901352631929,14.011729505271116,15.037417909699029,15.71590862442875,0,,13.005901352631929
61.25,14.068548885360796,14.665413822913033,15.766004288854893,17.168277493720645,18.804051290575565,20.52694587537253,21.69692131129534,0,,17.168277493720645
61.65,13.79650369271421,14.372607451234106,15.433098166301928,16.780879302695663,18.34824490830448,19.99355426321237,21.10765325976508,0,,16.780879302695663
62.08,14.088016766238852,14.687836473550798,15.7943746976199,17.20499993913636,18.851705909731542,20.5873952553051,21.76695866376121,0,,17.20499993913636
62.51,12.431669694362286,12.913719784509716,13.794252909136253,14.900707979771608,16.170266140768856,17.4833800836618,18.361824593028,0,,14.900707979771608
62.94,12.408309661815917,12.891062894046232,13.773172179280454,14.882186777095535,16.15528431906981,17.472950425969447,18.355128245616683,0,,14.882186777095535
63.36,11.25358456412596,11.660716205803183,12.399373893096742,13.318620269793412,14.361345357993372,15.4267513363096,16.131668354925512,0,,13.318620269793412
63.79,13.08557302711181,13.611730053880304,14.576371318407723,15.795074249444124,17.202434181392487,18.668398883645207,19.65459596993573,0,,15.795074249444124
64.18,11.35043333629996,11.761902480159254,12.5085337369362,13.438033135750317,14.492657170819644,15.570474397374046,16.284214223583298,0,,13.438033135750317
64.54,13.820813694011306,14.398767584774388,15.462800684364,16.81539386660182,18.38879103645799,20.040889498822988,21.159880734040527,0,,16.81539386660182
64.91,12.762503443925867,13.265450881426984,14.185649860233951,15.344790394676105,16.678481894989098,18.06226671120788,18.990123023309643,0,,15.344790394676105
65.27,12.6266323710754,13.121225664690138,14.02547963662831,15.163440633694387,16.47144177482238,17.826886790914276,18.735065168288024,0,,15.163440633694387
65.63,12.585427643847945,13.077079047304874,13.975796048487195,15.106377454375222,16.405242318428602,17.750603219405328,18.651543297989942,0,,15.106377454375222
65.99,13.0442795643201,13.569968914096762,14.534038282467812,15.752457051389086,17.160007897375763,18.62690176108778,19.614324698381434,0,,15.752457051389086
66.41,11.171597933751258,11.574404940504614,12.304957181233844,13.213737038510423,14.244016757346346,15.295923788657989,15.992219346721589,0,,13.213737038510423
66.85,13.471732713941902,14.02630906851768,15.045497168925529,16.337753650888878,17.8365408812804,19.405056890971444,20.46485882048908,0,,16.337753650888878
67.3,14.242077255731898,14.853838965817442,15.98352580437,17.42579208878312,19.112428611054256,20.89368348102289,22.10605325393914,0,,17.42579208878312
67.74,12.143360240243208,12.6066239594184,13.451437330460385,14.510579968088749,15.722432191818664,16.97218364967833,17.80564569557362,0,,14.510579968088749
68.19,14.346628317537412,14.96658889801226,16.11215364160058,17.576094511972027,19.290067083726093,21.10252492011177,22.33789524664855,0,,17.576094511972027
68.63,9.86846574669348,10.194484657777268,10.781271877006002,11.503139922594116,12.311023146233444,13.124578969590722,13.656583448106868,0,,11.503139922594116
69.03,14.268039030505232,14.881882548736998,16.015495987580753,17.46312946689458,19.156535496525496,20.945558411339093,22.16344825671088,0,,17.46312946689458
69.39,14.190353949449005,14.79816200676187,15.920021687889204,17.35157516838213,19.02469835835233,20.79050905244476,21.99212706545477,0,,17.35157516838213
69.75,11.526454568916533,11.950367465515043,12.720780655904006,13.681662900447655,14.774426034058232,15.894006218186464,16.637050459587826,0,,13.681662900447655
70.11,14.452684234973116,15.081069062770306,16.24280082603327,17.728952943969954,19.471124895424637,21.315907625811988,22.574677996504697,0,,17.728952943969954
70.48,14.421569375737722,15.049075759184074,16.20929907968483,17.693639373247755,19.433889529247487,21.276941456418808,22.53506125149913,0,,17.693639373247755
70.84,12.81656655725978,13.329520964127362,14.269653454871388,15.456698140061429,16.826091719334393,18.25148294702194,19.209887586013476,0,,15.456698140061429
71.28,13.98089768957106,14.573951906395576,15.667505599635652,17.060757135665806,18.68607843082731,20.39785644108669,21.560216117157157,0,,17.060757135665806
71.78,11.895056246023726,12.344647387276568,13.163861311856614,14.189567825404175,15.361230593073468,16.567750396770062,17.3712181816535,0,,14.189567825404175
72.27,13.622173952503262,14.19073666223288,15.237307768916228,16.567255128235853,18.11367046065597,19.736777834600527,20.83633894514295,0,,16.567255128235853
72.76,11.466149843059451,11.889173871755515,12.658092412333335,13.617433563689737,14.709231222159511,15.828184030940095,16.571296950282793,0,,13.617433563689737
73.26,12.563108827640802,13.055511491335034,13.956012000894043,15.08940037509008,16.392269215861074,17.742595373559364,18.64745873788868,0,,15.08940037509008
73.75,12.524105759767274,13.011445206012722,13.90194530294306,15.02156022964938,16.306952688115416,17.63740832125914,18.527585131954243,0,,15.02156022964938
74.31,13.448405601644602,14.001238364523296,15.017077048800074,16.304823523376662,17.79796729615013,19.360105234814284,20.415409258276952,0,,16.304823523376662
74.9,12.719790656252531,13.22458356696369,14.148846557533496,15.314241730746168,16.657012942290013,18.051958818201964,18.98809335320152,0,,15.314241730746168
75.49,10.170110137591248,10.514060369386964,11.1343149176079,11.899522114980956,12.75869433639328,13.626958208953388,14.19680542195308,0,,11.899522114980956
76.09,12.67739949408354,13.179181190801293,14.097613747440429,15.255238699541993,16.58841107599424,17.97277372720411,18.901195242708308,0,,15.255238699541993
76.68,11.709698110873116,12.146807679753206,12.942334254607152,13.93660044967858,15.06999610238786,16.23441144012588,17.008677152562637,0,,13.93660044967858
77.28,10.058394413910474,10.395609462608482,11.003336114806558,11.752307206290183,12.592197890063453,13.439921508702763,13.995543041129416,0,,11.752307206290183
77.83,12.021946486488288,12.479088063841129,13.312516596568974,14.356941157447908,15.551224253001,16.782039850370662,17.603197322859778,0,,14.356941157447908
78.36,13.269522978119916,13.81176519739506,14.80754528763114,16.06873336222894,17.52947340811003,19.056010606092634,20.08580118795156,0,,16.06873336222894
78.88,10.172878779836864,10.516197222927644,11.135163467804151,11.898616375402092,12.755556946409286,13.62124031142271,14.189269397833774,0,,11.898616375402092
79.41,9.534050824759818,9.840795842818617,10.391572241618102,11.067047756314848,11.82019388034094,12.57574946184531,13.068506256367922,0,,11.067047756314848
79.94,12.826411051709714,13.336385020308573,14.270286752979498,15.448169514061892,16.805581115835547,18.2163515030994,19.164004101468045,0,,15.448169514061892
80.47,12.041094495712356,12.49954484608013,13.33547451578051,14.383221142856412,15.581499107900074,16.81683098994431,17.641050282975016,0,,14.383221142856412
80.99,13.37037230266937,13.918745429872738,14.926135963813174,16.20280030555605,17.682463378171033,19.229865506141916,20.27423344612431,0,,16.20280030555605
81.52,13.324226862124917,13.869166075820864,14.870010825915944,16.137808612635617,17.60648016912297,19.14148718915512,20.17688689725387,0,,16.137808612635617
82.05,11.154904024460562,11.556650165629025,12.285169800861306,13.191290129352206,14.218381105051629,15.266841704213617,15.960548083853087,0,,13.191290129352206
82.58,14.382229651585597,15.001923859196827,16.146596278416542,17.608655444733145,19.319505470451627,21.127471628994428,22.359076696837985,0,,17.608655444733145
83.1,14.15911892288062,14.76600593378686,15.886256117475812,17.315910264225813,18.98696974986824,20.750876836007592,21.951647278558188,0,,17.315910264225813
83.63,13.937230847570774,14.52547043031334,15.609566673685917,16.989618424820726,18.59789913545705,20.2898928305116,21.43821790469165,0,,16.989618424820726
84.14,15.066340275902066,15.742345790348846,16.996860345637316,18.610331218255613,20.51413209399673,22.544804178836863,23.93867329139077,0,,18.610331218255613
84.63,12.944472681879049,13.461679565074276,14.409277893193254,15.605406707250523,16.985067367388677,18.42034889762205,19.38480695318374,0,,15.605406707250523
85.13,14.351347980559812,14.97015687428486,16.113293100256346,17.57356906381162,19.282535987761435,21.08883424114607,22.31935679688666,0,,17.57356906381162
85.62,13.029361430171829,13.550186676992894,14.504473005730668,15.708992536787704,17.09854820421804,18.544198917744158,19.51594300217256,0,,15.708992536787704
86.12,12.879696202772136,13.392222036544728,14.330909477941928,15.514994433173989,16.87984259665111,18.29864357975313,19.251437268794643,0,,15.514994433173989
86.61,15.121653030290666,15.805660737599638,17.076237405142955,18.71267449285252,20.646568692192957,22.7134033291749,24.1353419094348,0,,18.71267449285252
87.11,12.55373101972304,13.044322441981343,13.941157460683156,15.0694460759592,16.365769918618994,17.70860413688797,18.60773735778381,0,,15.0694460759592
87.6,13.581891766206342,14.145997855678155,15.183862471526108,16.501706697311064,18.03279962653149,19.638125085456597,20.72395549432253,0,,16.501706697311064
88.09,13.51872058572412,14.07674104371179,15.102627943974266,16.404018801847872,17.91421238787848,19.495664493167773,20.56432653843692,0,,16.404018801847872
88.59,13.161418203135945,13.691761248522694,14.664356256953974,15.89358953201138,17.31361114263908,18.793425264793868,19.789267072903822,0,,15.89358953201138
89.03,12.512747456832908,13.000541130240858,13.891842157550805,15.012791935845089,16.300109719719817,17.63301644682036,18.524938961704542,0,,15.012791935845089
89.53,14.47950366301751,15.109884839265668,16.27576425331077,17.767576511469066,19.516922585413656,21.369962923730064,22.63446001114131,0,,17.767576511469066
90.07,16.337598018687796,17.1176101923306,18.57583453102441,20.47231380437061,22.74087725989128,25.19809078941122,26.90816470084048,0,,20.47231380437061
90.57,13.741010357913083,14.314352699311298,15.369617544256185,16.71054587268406,18.269779501283047,19.90621561161585,21.014266620898955,0,,16.71054587268406
91.06,14.346628317537412,14.96658889801226,16.11215364160058,17.576094511972027,19.290067083726093,21.10252492011177,22.33789524664855,0,,17.576094511972027
91.56,14.697048085653908,15.344875786639893,16.54449888461952,18.082603499673876,19.890748473881224,21.81133265298911,23.125506227573524,0,,18.082603499673876
92.05,13.502589961849877,14.062209786767164,15.091353208067844,16.397710822711606,17.914859413942295,19.504907395118398,20.579936125805343,0,,16.397710822711606
92.54,14.697048085653908,15.344875786639893,16.54449888461952,18.082603499673876,19.890748473881224,21.81133265298911,23.125506227573524,0,,18.082603499673876
93.04,14.645535403258314,15.287593715481067,16.47589131126509,17.9980548549894,19.785436592744585,21.681576905147228,22.977871331912617,0,,17.9980548549894
93.53,14.179546043176886,14.789488311191864,15.915925576425904,17.3543629981282,19.036998116440618,20.814592516256305,22.025131392543624,0,,17.3543629981282
94.03,14.614730314933809,15.255936351453176,16.442728059026166,17.963210551921463,19.74882973857083,21.64350046465718,22.938936179032066,0,,17.963210551921463
94.52,15.48056477492892,16.189141188917443,17.507068485969217,19.207954693524663,21.223423912602307,23.38334609731969,24.87307082582384,0,,19.207954693524663
95.02,15.571933383432665,16.288060338158605,17.621022415612703,19.34282553855913,21.385299179989417,23.57684174031061,25.08928081066131,0,,19.34282553855913
95.51,15.913436994734354,16.656686220766247,18.042645416496736,19.83788253143747,21.97471762202978,24.27640717054668,25.870019378023397,0,,19.83788253143747
96.01,15.301017665301991,15.994600565214265,17.283308561034442,18.94368776489617,20.90709553179767,23.00646690421951,24.45077596987359,0,,18.94368776489617
96.5,16.883071282248135,17.70936285185684,19.25907950331453,21.284075751192347,23.720652030515858,26.37750581864737,28.23689666328378,0,,21.284075751192347
96.99,14.749528781335895,15.403157797269,16.614358760126233,18.16874828611104,19.998266959572124,21.94397914303237,23.27598761704346,0,,18.16874828611104
97.49,13.088667950139984,13.617686709100123,14.587935180051565,15.81471665675219,17.232786697631287,18.711361707692607,19.706643800510506,0,,15.81471665675219
97.98,13.842711563662228,14.428049435035724,15.507107943111668,16.881177493312798,18.4829240596486,20.168775297617188,21.31348123270521,0,,16.881177493312798
98.6,13.440179479346998,13.993669147670854,15.011094307263829,16.301256074194338,17.797673806485733,19.363909275916743,20.422431684250085,0,,16.301256074194338
99.11,13.019732391407944,13.541091115001295,14.496555485424656,15.702928710012932,17.09506561376373,18.543902532723106,19.518176831417087,0,,15.702928710012932
99.52,13.471732713941902,14.02630906851768,15.045497168925529,16.337753650888878,17.8365408812804,19.405056890971444,20.46485882048908,0,,16.337753650888878
99.93,13.425180449793825,13.976237903437134,14.98875327548788,16.272023320568504,17.75956027843314,19.315437475838667,20.36612628183871,0,,16.272023320568504
100.34,13.361802356578794,13.9108545297495,14.919804171204834,16.198740961580704,17.681645700215906,19.23301629662101,20.28034743728916,0,,16.198740961580704
100.78,12.869388727196249,13.382520347456136,14.322305667516044,15.508095058885036,16.875386217514794,18.297211139865368,19.252270553426055,0,,15.508095058885036
101.25,14.10199750796947,14.705866851671765,15.820643416360078,17.24312172896379,18.90540496131342,20.659735357008174,21.85392679736949,0,,17.24312172896379
101.71,13.653886702582328,14.223443073674911,15.27174937864888,16.60378934389843,18.15249687596037,19.77778105494987,20.878746237854685,0,,16.60378934389843
102.18,13.012377850719838,13.537043244796177,14.499240835749966,15.715425052437094,17.120406161639853,18.584750941243605,19.57092359674271,0,,15.715425052437094
102.65,13.653886702582328,14.223443073674911,15.27174937864888,16.60378934389843,18.15249687596037,19.77778105494987,20.878746237854685,0,,16.60378934389843
103.11,12.50136556080021,12.98947758878622,13.88167748938934,15.003942883064807,16.29323949593159,17.62856074890917,18.52223495446348,0,,15.003942883064807
103.6,12.268020891180337,12.741039765550733,13.604486367223483,14.688622480001111,15.931297923980354,17.215391562135956,18.0732498102052,0,,14.688622480001111
104.1,13.13347681192782,13.66569444000822,14.642233499727675,15.877472251075933,17.306023043776438,18.796306570856128,19.79990420181614,0,,15.877472251075933
104.6,14.210862088946762,14.821760802641904,15.949807528122635,17.390168450573288,19.074870202880128,20.854325125710645,22.065712676878977,0,,17.390168450573288
105.1,14.368320898584424,14.991559615543038,16.14363834786187,17.616820851245322,19.342802700136257,21.16951231387125,22.41597445895033,0,,17.616820851245322
105.6,14.421569375737722,15.049075759184074,16.20929907968483,17.693639373247755,19.433889529247487,21.276941456418808,22.53506125149913,0,,17.693639373247755
106.1,12.307791563815794,12.783589444519356,13.6522769587276,14.743400604838964,15.994761146222205,17.28833068040662,18.15264669949984,0,,14.743400604838964
106.6,13.210264493386884,13.746812565725005,14.731548640360376,15.977556875920044,17.419046762360676,18.92350615725016,19.93773732813988,0,,15.977556875920044
107.1,13.881033018713046,14.466440167552198,15.545193051724883,16.91826001266677,18.51809440643848,20.200913911687937,21.342994793132032,0,,16.91826001266677
107.6,13.301316845681242,13.844545225852322,14.842132373633923,16.105508058833465,17.568689324444268,19.097553689902277,20.12866454975737,0,,16.105508058833465
108.1,13.558081170512589,14.12041587265657,15.154785523079465,16.467961622950472,17.993236874979164,19.592030099370277,20.673037474571878,0,,16.467961622950472
108.6,12.73053112932113,13.234910648072193,14.158159250096396,15.321987263057467,16.662455528067373,18.05459116660334,18.988659453163145,0,,15.321987263057467
109.1,12.646275574138729,13.144640807411896,14.056404977103726,15.204834020866103,16.526246693407373,17.897318486663355,18.81666526158577,0,,15.204834020866103
109.6,13.962133543387973,14.552276854768442,15.64007238408939,17.025152833957588,18.63975873123691,20.33895671854245,21.492329847365887,0,,17.025152833957588
110.1,13.644926404343924,14.2110177367374,15.252349136870682,16.574331888593456,18.10988595606389,19.7194828571004,20.808408774508536,0,,16.574331888593456
110.6,13.06642556046092,13.59377271941818,14.560944573914917,15.783524821772286,17.196336784892736,18.66908483800044,19.660354856523007,0,,15.783524821772286
111.1,12.226158822019332,12.697347360730392,13.55755965737119,14.637604153538378,15.875365533023198,17.1542910988171,18.009230783028183,0,,14.637604153538378
111.6,13.2645827005547,13.803804248491842,14.793511470275371,16.04597101166736,17.49523431785787,19.008089715134357,20.027966990110507,0,,16.04597101166736
112.1,13.355872916247268,13.901833290535889,14.90443688572295,16.174404303076123,17.645373143636597,19.18264484859198,20.219555624500472,0,,16.174404303076123
112.6,12.699148782446835,13.20004022179968,14.116502886317209,15.271075903900256,16.59978976452962,17.97865062811306,18.90308725980772,0,,15.271075903900256
113.1,13.098237600511858,13.626600495581524,14.595577723979952,15.820392024008829,17.23566834918067,18.710804647773266,19.70353414739054,0,,15.820392024008829
113.6,10.954525478883047,11.338119644826111,12.03179483273314,12.891457439931036,13.861632834435277,14.847490748490117,15.49706433952676,0,,12.891457439931036
114.1,15.72652588203318,16.45576927564153,17.814335446312505,19.571768699316102,21.660157247370144,23.90550507240325,25.458167882116022,0,,19.571768699316102
114.6,13.41684699770558,13.968588704578483,14.982672688283785,16.268314011130048,17.75909215492687,19.318984641333312,20.372871699508035,0,,16.268314011130048
115.1,13.692777816929413,14.262505225606498,15.310775736266084,16.642160135338607,18.18948195095369,19.81236368683106,20.910958280055667,0,,16.642160135338607
115.6,13.581891766206342,14.145997855678155,15.183862471526108,16.501706697311064,18.03279962653149,19.638125085456597,20.72395549432253,0,,16.501706697311064
116.1,14.088016766238852,14.687836473550798,15.7943746976199,17.20499993913636,18.851705909731542,20.5873952553051,21.76695866376121,0,,17.20499993913636
116.6,15.910834834515564,16.652006032877267,18.033606116282563,19.82235953310898,21.950146227838697,24.240541107598204,25.825574289207783,0,,19.82235953310898
117.1,14.170107849813853,14.77484032261167,15.890603982691054,17.313498931890535,18.97532422245441,20.727773358385672,21.919539633522295,0,,17.313498931890535
117.6,12.976104958425552,13.494342172039286,14.443794482513468,15.642130289443092,17.024238081318664,18.461919999304445,19.42808818648253,0,,15.642130289443092
118.1,12.072999229472874,12.532564313129152,13.370452010822074,14.42054243623438,15.621550494490757,16.85965521448224,17.685361365537876,0,,14.42054243623438
118.6,13.67803919025492,14.249404337260478,15.301264699753595,16.63807638058482,18.192785372653667,19.824867814687007,20.93071574243637,0,,16.63807638058482
119.1,13.637411186388368,14.204311857250122,15.247369302450206,16.571991939022062,18.11114863773341,19.72523417710952,20.817625556595587,0,,16.571991939022062
119.6,14.262967351116638,14.877917422309038,16.013912519343172,17.46506651683568,19.16341874045618,20.95848644021133,22.18087561493134,0,,17.46506651683568
120.1,13.433469278681349,13.98382441644389,14.994796523938112,16.275701378531725,17.760010700994105,19.311888768101287,20.359412136832177,0,,16.275701378531725
120.6,13.076036652751943,13.60280064056185,14.568682505619904,15.789325319332733,17.199398842565977,18.66874925072596,19.65747533923013,0,,15.789325319332733
121.1,15.154432803605516,15.836044758078204,17.101162280901644,18.728811476944863,20.650293912059023,22.70085158893997,24.10961703873003,0,,18.728811476944863
121.6,14.645535403258314,15.287593715481067,16.47589131126509,17.9980548549894,19.785436592744585,21.681576905147228,22.977871331912617,0,,17.9980548549894
122.1,13.8993413331891,14.487576490939093,15.571995186428074,16.95311267024957,18.563342334835852,20.25842975777629,21.40981299134816,0,,16.95311267024957
122.6,14.0822332299959,14.683054140034034,15.791753059965014,17.205659071079292,18.856845800414774,20.59807189861913,21.781923803642535,0,,17.205659071079292
123.1,13.255652691433738,13.795542500454031,14.786659164866848,16.041277755378754,17.49351565095846,19.01008146515057,20.032863917451703,0,,16.041277755378754
123.6,14.537196953889811,15.170611233559056,16.34217199187353,17.841413249951657,19.599659147591584,21.46248943609383,22.73381643223328,0,,17.841413249951657
124.1,13.807046774237469,14.38676600249216,15.454613954695295,16.812902513517702,18.39423404948017,20.056085264253102,21.18230457244053,0,,16.812902513517702
124.59,14.897544588521486,15.55821108587058,16.782508576743,18.35385827930517,20.20342024930113,22.170741327354968,23.518523363967784,0,,18.35385827930517
125.07,13.67803919025492,14.249404337260478,15.301264699753595,16.63807638058482,18.192785372653667,19.824867814687007,20.93071574243637,0,,16.63807638058482
125.56,13.702246413391244,14.275492780406411,15.330880041064049,16.67250372038248,18.233287826763515,19.872274126224134,20.982814441091964,0,,16.67250372038248
126.04,14.03137694475491,14.628313138685456,15.729390154666302,17.132903915606416,18.77111132451358,20.497572718001276,21.67035394333315,0,,17.132903915606416
126.52,13.338593057082182,13.885937065105022,14.891561428204518,16.16603337533673,17.64341457779906,19.188545512092197,20.23126303085432,0,,16.16603337533673
127.01,13.60578120060227,14.17172536296866,15.213057795654182,16.535602221704107,18.072515732195274,19.68445019572172,20.77526784063309,0,,16.535602221704107
127.52,14.351347980559812,14.97015687428486,16.113293100256346,17.57356906381162,19.282535987761435,21.08883424114607,22.31935679688666,0,,17.57356906381162
128.05,14.184955607769798,14.7938335566204,15.917980220614066,17.352962327825022,19.03082294043616,20.802474541929183,22.00856338901519,0,,17.352962327825022
128.59,15.54140865050176,16.254962761343304,17.58286092806268,19.29766364115205,21.331105440503237,23.51199475712108,25.016867470391723,0,,19.29766364115205
129.12,13.702246413391244,14.275492780406411,15.330880041064049,16.67250372038248,18.233287826763515,19.872274126224134,20.982814441091964,0,,16.67250372038248
129.65,14.95179086700047,15.61851486476352,16.85479991777979,18.44310045679702,20.31470018044781,22.307968363572485,23.67526724979389,0,,18.44310045679702
130.19,14.03137694475491,14.628313138685456,15.729390154666302,17.132903915606416,18.77111132451358,20.497572718001276,21.67035394333315,0,,17.132903915606416
130.73,13.782584729118897,14.360465856856075,15.424671734504104,16.778062587370844,18.35328754126292,20.00824129561469,21.129478454077717,0,,16.778062587370844
131.28,13.993296861593638,14.584410222874874,15.673819740730494,17.060895030701296,18.677567757029102,20.378742237245863,21.53318121494455,0,,17.060895030701296
131.83,14.47950366301751,15.109884839265668,16.27576425331077,17.767576511469066,19.516922585413656,21.369962923730064,22.63446001114131,0,,17.767576511469066
132.38,11.370166643530572,11.783868096983072,12.534882510612444,13.470254940828234,14.53218472013174,15.618135746628363,16.337713543671587,0,,13.470254940828234
132.93,17.637781956277937,18.52866644209157,20.206452097871523,22.41234482213491,25.087229047939296,28.02972841605618,30.105334350911864,0,,22.41234482213491
133.48,14.113440673063018,14.715265225391729,15.825612375941342,17.24140873162114,18.89464071497145,20.637723811337334,21.822930954423967,0,,17.24140873162114
134.08,13.849488740724029,14.433929528005722,15.511008171781064,16.882091661624933,18.47975792926527,20.160542741791936,21.30122434919934,0,,16.882091661624933
134.71,15.095219757346916,15.773585775379969,17.032746673315582,18.65260533957661,20.564533929686124,22.604631502364995,24.0055408091976,0,,18.65260533957661
135.34,15.037547392259771,15.711198466334166,16.961127996102448,18.5682438836435,20.46394735087634,22.485253638995047,23.87228759341385,0,,18.5682438836435
135.97,14.012197403818147,14.606219884518936,15.701421569832236,17.09665153192249,18.724000722424105,20.43773347831109,21.60123660936213,0,,17.09665153192249
136.6,14.808319875501889,15.465018205277351,16.682117340540817,18.2442670354813,20.08298238427799,22.03887821481105,23.378250311636982,0,,18.2442670354813
137.23,15.095219757346916,15.773585775379969,17.032746673315582,18.65260533957661,20.564533929686124,22.604631502364995,24.0055408091976,0,,18.65260533957661
137.86,14.587450407208728,15.226505621051526,16.409070519389736,17.92375019501094,19.70200583318701,21.58827827760163,22.87716124499648,0,,17.92375019501094
138.49,13.187720347432736,13.722598998042924,14.70414453779446,15.945884660956136,17.38206938809358,18.88057870276153,19.89040212870114,0,,15.945884660956136
139.12,13.152148666233176,13.683137247521543,14.657031828443715,15.888270800033052,17.311109768518016,18.794392533425885,19.79282353375776,0,,15.888270800033052
139.75,15.51032828196663,16.21960867587817,17.53866551566467,19.240788815199817,21.257331498814388,23.41788526742621,24.907606016058367,0,,19.240788815199817
140.3,14.210862088946762,14.821760802641904,15.949807528122635,17.390168450573288,19.074870202880128,20.854325125710645,22.065712676878977,0,,17.390168450573288
140.8,10.361193121432295,10.71495582748448,11.353597542071158,12.142499777694574,13.029522326865507,13.927453976597004,14.516901450479486,0,,12.142499777694574
141.3,14.03742986181078,14.63332783865639,15.732276874199597,17.13262405231054,18.7663859604728,20.48741915739632,21.656139312256805,0,,17.13262405231054
141.8,13.278463299534184,13.820029351147506,14.814347141557722,16.07333194650669,17.531025655903953,19.05375299456465,20.080638093105343,0,,16.07333194650669
142.3,12.515105970945346,13.000667847739177,13.887602341348709,15.002281020069384,16.28131244980236,17.60449526768105,18.489453496664257,0,,15.002281020069384
142.8,17.676220975908034,18.570636177556256,20.255574370194424,22.471672391925715,25.160135211498947,28.119127870048164,30.20736481831708,0,,22.471672391925715
143.3,14.02434991439214,14.616395958932673,15.707418358492475,17.096436443131687,18.71512548058853,20.41821964675888,21.573786549749958,0,,17.096436443131687
143.8,17.485786589883315,18.3625465728747,20.012188910499933,22.178106131586414,24.799546157639373,27.677144636883124,29.70390053086017,0,,22.178106131586414
144.3,12.678179779661548,13.177570961638148,14.091203109121412,15.241940341378674,16.56596156833366,17.93957874087399,18.860392251150262,0,,15.241940341378674
144.8,14.16462359779284,14.770431999897136,15.888437436492596,17.31469628231407,18.98111223594034,20.739250732888085,21.935527169775323,0,,17.31469628231407
145.34,16.50091106488869,17.2931749310287,18.775525287601575,20.70549778699696,23.01722108665784,25.524987328308804,27.272462856269456,0,,20.70549778699696
145.9,13.987100039735914,14.579217924936088,15.670671123777442,17.060828078265057,18.68179822909476,20.388269521066757,21.546659418368183,0,,17.060828078265057
146.46,14.03742986181078,14.63332783865639,15.732276874199597,17.13262405231054,18.7663859604728,20.48741915739632,21.656139312256805,0,,17.13262405231054
147.02,17.637781956277937,18.52866644209157,20.206452097871523,22.41234482213491,25.087229047939296,28.02972841605618,30.105334350911864,0,,22.41234482213491
147.58,15.390305313229849,16.089557814712627,17.389109508167472,19.064082914958387,21.04574764740712,23.16573777773839,24.624937473089904,0,,19.064082914958387
148.14,16.270878178350976,17.045024977975775,18.491804410783853,20.372137997732946,22.619659918867395,25.052069196565608,26.74300333675406,0,,20.372137997732946
148.7,16.2334564773158,17.002348941948323,18.43855636609061,20.303672527323087,22.53070283671583,24.9380969618256,26.610193603657056,0,,20.303672527323087
149.26,16.91871819582271,17.748165902217597,19.30425082967568,21.338238647071787,23.786648875254105,26.45771044832362,28.32775496748629,0,,21.338238647071787
149.82,13.900801174982757,14.483373403035127,15.556236938034688,16.920431966637324,18.50817424061542,20.176002569596,21.30629661502491,0,,16.920431966637324
150.38,15.330935736581644,16.025317744680848,17.31523419896358,18.976943012764085,20.94148128134236,23.041643066650995,24.486259418682536,0,,18.976943012764085
150.88,15.54067673028057,16.25238606726546,17.5764292111655,19.285485317474173,21.31091792147132,23.48186259500581,24.97912016272137,0,,19.285485317474173
151.34,15.098060065458874,15.773283740368074,17.02588142723861,18.63592827431728,20.534350693742947,22.55770845294028,23.945902029492427,0,,18.63592827431728
151.8,19.19895117131066,20.23811797096703,22.214077269493885,24.84989577506062,28.10506755030919,31.76259874464157,34.39214066908821,0,,24.84989577506062
152.26,19.2207841015222,20.259409201845692,22.233893234723727,24.86673132513029,28.116755059660008,31.76643638559317,34.38917703575023,0,,24.86673132513029
152.72,13.644926404343924,14.2110177367374,15.252349136870682,16.574331888593456,18.10988595606389,19.7194828571004,20.808408774508536,0,,16.574331888593456
153.18,15.390283287177116,16.091290726724267,17.39449006152441,19.074925559258965,21.06409429739404,23.193420892769502,24.65975565578135,0,,19.074925559258965
153.64,14.170107849813853,14.77484032261167,15.890603982691054,17.313498931890535,18.97532422245441,20.727773358385672,21.919539633522295,0,,17.313498931890535
154.1,13.67803919025492,14.249404337260478,15.301264699753595,16.63807638058482,18.192785372653667,19.824867814687007,20.93071574243637,0,,16.63807638058482
154.56,16.196544096330143,16.960335503125346,18.38614347157331,20.236334692891983,22.443230583742164,24.82615421952314,26.479811923362483,0,,20.236334692891983
155.02,17.2726851482843,18.13214346121209,19.747534058330658,21.86511332868013,24.423338079799063,27.225600131096087,29.19472106157022,0,,21.86511332868013
155.74,4.678280133966768,4.778269306474806,4.954577176877277,5.162680065918395,5.384128029629779,5.597073088631379,5.7307325251561965,0,,5.162680065918395
156.38,4.420745003603858,4.512172902996019,4.672101211511663,4.860235108001208,5.061341574004349,5.252769751875869,5.373052340062866,0,,4.860235108001208
157.01,2.615084101620748,2.6564386792737285,2.727385015655432,2.809752709781366,2.8966769452512984,2.977144894238951,3.0282568916982133,0,,2.809752709781366
157.48,16.204791274198616,16.973098800526877,18.408481305566998,20.272923287208343,22.499729478608785,24.907541132394403,26.58025857104996,0,,20.272923287208343
157.9,15.212765656790726,15.89913434297136,17.173558466374814,18.814189440200785,20.75225983571428,22.82200774600693,24.245202815919,0,,18.814189440200785
158.33,12.472070604149389,12.956974565787416,13.842895425400924,14.9565419537388,16.234935548015137,17.557929139667674,18.443035114024145,0,,14.9565419537388
158.75,13.67803919025492,14.249404337260478,15.301264699753595,16.63807638058482,18.192785372653667,19.824867814687007,20.93071574243637,0,,16.63807638058482
159.18,13.869626853243457,14.451323904894132,15.522545170557647,16.884793785183778,18.470401717411026,20.13624508675785,21.265266991358164,0,,16.884793785183778
159.6,15.03923610988194,15.711334910899147,16.958037723863946,18.56036048877218,20.44938338677998,22.462429657151304,23.843286749222106,0,,18.56036048877218
160.03,17.18930072625461,18.03896775888046,19.634575264178004,21.72358761632357,24.243091954064287,26.99783509727212,28.930846350721144,0,,21.72358761632357
160.46,16.777176593703118,17.593861683695454,19.12476100122861,21.123160399127663,23.52465411398548,26.139267395772382,27.96768460402579,0,,21.123160399127663
160.96,16.106477399455734,16.86631857438051,18.28493669605523,20.12583587505022,22.3219482025292,24.693310720407457,26.339660328464525,0,,20.12583587505022
161.46,15.631028386560557,16.348606619669482,17.683776516327008,19.40785433181933,21.45208938084433,23.64457691727245,25.157027018186376,0,,19.40785433181933
161.96,17.13549050998465,17.984500070798333,19.57963031377212,21.669006106463165,24.190616344578476,26.94937990184768,28.886719278996576,0,,21.669006106463165
162.46,16.812296908884598,17.632181324571327,19.169330975700547,21.17653484505232,23.58966739397176,26.218306896822643,28.056912680412182,0,,21.17653484505232
162.96,16.79739918627511,17.61182187069077,19.137501886772338,21.12757155145865,23.51665486882654,26.11503525921342,27.930025620976995,0,,21.12757155145865
163.46,14.838983116539913,15.496549998638738,16.71506304073911,18.27879757171585,20.1190524164526,22.076240821311117,23.416480018282176,0,,18.27879757171585
163.96,15.818607750237131,16.553799227448252,17.923833213246134,19.6968913493203,21.804988817082528,24.07270991270345,25.64178133916588,0,,19.6968913493203
164.46,13.165261259138695,13.698482493532897,14.676847892162025,15.91433177600173,17.345250810744602,18.83787276875119,19.84321422196255,0,,15.91433177600173
164.96,13.187720347432736,13.722598998042924,14.70414453779446,15.945884660956136,17.38206938809358,18.88057870276153,19.89040212870114,0,,15.945884660956136
165.46,9.72422032143255,10.041836701416898,10.612909242601903,11.314567941878192,12.098500673449452,12.886812326007565,13.401375998351853,0,,11.314567941878192
165.96,15.82075563437716,16.55800299922746,17.932277567999975,19.711686075585344,21.82864544881424,24.1073674110592,25.6849788025454,0,,19.711686075585344
166.46,18.564643830744195,19.54367490989412,21.39860532487192,23.859286141716,26.87658391904074,30.238695258028844,32.638798253082484,0,,23.859286141716
166.96,16.038407040258097,16.790454263072025,18.193511886713924,20.01214025448229,22.178797570061185,24.51477958762248,26.13386782216738,0,,20.01214025448229
167.46,16.50091106488869,17.2931749310287,18.775525287601575,20.70549778699696,23.01722108665784,25.524987328308804,27.272462856269456,0,,20.70549778699696
167.96,10.170110137591248,10.514060369386964,11.1343149176079,11.899522114980956,12.75869433639328,13.626958208953388,14.19680542195308,0,,11.899522114980956
168.46,13.034556059374744,13.560844641098228,14.526124839197008,15.746497678235588,17.156712121173037,18.62696604840094,19.61700379999564,0,,15.746497678235588
168.96,15.124185892852058,15.804979407033684,17.068798748419955,18.69506386698626,20.6151717067974,22.66476677634693,24.072905960342464,0,,18.69506386698626
169.46,16.366126733778234,17.146576812823785,18.60557102657317,20.50262988667327,22.77137015285285,25.22797728625384,26.937291147653387,0,,20.50262988667327
169.91,18.583423031463447,19.566856762750305,21.43108009614969,23.905836507535778,26.94337499010998,30.33146581710927,32.75314515917038,0,,23.905836507535778
170.36,17.30975028934606,18.17256946911712,19.7947369303813,21.921919083299507,24.49286770504744,27.31047867936513,29.29129349873337,0,,21.921919083299507
170.81,14.669486676916392,15.31510001641522,16.510431499742655,18.04263304149841,19.843171802924267,21.75498649547907,23.06310328906524,0,,18.04263304149841
171.26,13.867620448489673,14.454963174268608,15.537696578505082,16.91681150653005,18.524810283786284,20.21781374189592,21.36805676671544,0,,16.91681150653005
171.71,15.00881139048534,15.680200546759218,16.925534340759416,18.52634300384951,20.41398631666891,22.425934944434736,23.80628076310306,0,,18.52634300384951
172.16,15.420582668808406,16.127655622350325,17.44322925336844,19.14169021401504,21.15486171503386,23.31347165620684,24.80289628015645,0,,19.14169021401504
172.61,15.006990813586246,15.6799326092269,16.928485075911002,18.5340598085806,20.42840578018881,22.44860880124622,23.835101799303526,0,,18.5340598085806
173.06,13.214712027602005,13.75423975075671,14.744966906703633,15.999593861312306,17.452298674745798,18.970136561127728,19.99461600600985,0,,15.999593861312306
173.51,14.724718048300652,15.374761033203615,16.57869282412951,18.122748560454205,19.938517159224016,21.867933234028744,23.188169318322792,0,,18.122748560454205
173.96,14.47106525405034,15.103998416966531,16.275095197240397,17.774653667145277,19.53495461232896,21.401383016859416,22.675825901402707,0,,17.774653667145277
174.41,13.12769127081372,13.663471740693392,14.647237878620745,15.892844425711411,17.335477904287988,18.84237859303636,19.858564768513418,0,,15.892844425711411
174.86,15.063284066293193,15.74242944894971,17.003528714163856,18.62685437075736,20.544308131917887,22.59189128889353,23.998563442150918,0,,18.62685437075736
175.46,14.980276558736383,15.649258739593057,16.890087225858995,18.484628810550927,20.364234372645228,22.366831608007534,23.74060784648828,0,,18.484628810550927
176.06,13.255652691433738,13.795542500454031,14.786659164866848,16.041277755378754,17.49351565095846,19.01008146515057,20.032863917451703,0,,16.041277755378754
176.66,17.52627775835966,18.400132496312757,20.042960591414097,22.197430824956765,24.80134852649898,27.655280377911254,29.661935899928977,0,,22.197430824956765
177.26,20.53221181203183,21.69383042900195,23.91720703812579,26.912710761039808,30.659140433596907,34.932076456809675,38.04629657262687,0,,26.912710761039808
177.86,16.5570360667799,17.350182791618355,18.83383910180046,20.7646545787264,23.07610871738854,25.582152610433383,27.32745990947532,0,,20.7646545787264
178.46,18.84761330551417,19.846686722383573,21.74072927339552,24.25585066390097,27.344246112056503,30.791066945829503,33.25441168798529,0,,24.25585066390097
179.02,18.280430642925936,19.227083442958826,21.01603729325373,23.380218819362387,26.265161551660995,29.462132294232493,31.73257499700174,0,,23.380218819362387
179.59,18.40328642883644,19.3617491392706,21.17439640986356,23.57252529069904,26.50349690397613,29.756985743284503,32.070833795216345,0,,23.57252529069904
180.15,19.602080690857523,20.67069831983655,22.705029134787512,25.42302142698033,28.786213043549647,32.57401120611379,35.30325937359444,0,,25.42302142698033
180.72,17.436961738503395,18.30705271870237,19.942988959431275,22.08879172725575,24.682817692214705,27.5263355425992,29.526346457583333,0,,22.08879172725575
181.29,19.627725907035643,20.701817315953587,22.74747555559399,25.482824288931468,28.871187414736717,32.69193510501994,35.4482335897838,0,,25.482824288931468
181.86,17.625423774281664,18.51284986367399,20.183489596817275,22.37857823050441,25.03823454959541,27.96131161961442,30.02171509716419,0,,22.37857823050441
182.36,19.109078099656173,20.133903969504164,22.079990788890257,24.670866495706317,27.86212519274128,31.437081222270947,34.000782217646325,0,,24.670866495706317
182.86,17.008970363005385,17.842331999208216,19.405573694382788,21.44858363386179,23.90754516044205,26.589415744402604,28.467114784418364,0,,21.44858363386179
183.36,16.769849988101658,17.583857633585442,19.109041971561226,21.098916901366152,23.48845381254056,26.08806013656148,27.904586094655265,0,,21.098916901366152
183.86,18.02461515417098,18.94460471221531,20.679880331519183,22.96617408656576,25.74590545616081,28.813029744382323,30.982759336799496,0,,22.96617408656576
184.36,19.627725907035643,20.701817315953587,22.74747555559399,25.482824288931468,28.871187414736717,32.69193510501994,35.4482335897838,0,,25.482824288931468
184.86,18.05430890779752,18.98193436796903,20.732939398348424,23.04307035782883,25.856538816592025,28.966890026235166,31.17075936223576,0,,23.04307035782883
185.26,16.035188577805567,16.78507256616466,18.183639208094142,19.99553386888705,22.15291905654257,24.4772879759207,26.087327382221577,0,,19.99553386888705
185.66,16.3562601530591,17.131876171745677,18.580946994745563,20.463076323729005,22.711180077063556,25.14189426478521,26.83089674221782,0,,20.463076323729005
186.06,18.78496094341466,19.775231309391817,21.65139723879354,24.139933491131323,27.19112245212223,30.59072204116932,33.01685800899829,0,,24.139933491131323
186.46,19.94840323626528,21.049403550701268,23.149105404260062,25.96218503450846,29.455352094273103,33.40544004491472,36.26247734737412,0,,25.96218503450846
186.86,20.36519110113217,21.51236163466829,23.706462714016485,26.65967709755889,30.348541848617646,34.549003083635846,37.60649637513046,0,,26.65967709755889
187.26,17.946201040464775,18.858823071338616,20.57933859726391,22.84459411830483,25.59602381711836,28.628792786753596,30.772227285316347,0,,22.84459411830483
187.66,18.53318105807374,19.499357602970356,21.32639671389189,23.74413815425737,26.69963338565192,29.98094787553368,32.3152728160934,0,,23.74413815425737
188.06,20.6326882231836,21.805085128428555,24.050085545428143,27.07769045478152,30.869216084889143,35.199631286922695,38.36048241644939,0,,27.07769045478152
188.46,19.976548378707264,21.08334437489593,23.195205905258376,26.027049090422672,29.547244623670355,33.533243809409896,36.41941220795904,0,,26.027049090422672
188.86,20.48235511714004,21.63867817070064,23.85130356730821,26.830936996630022,30.555199501248243,34.799720376110656,37.89114343984589,0,,26.830936996630022
189.26,18.22364636917776,19.162601431635768,20.93547910057627,23.275945571025503,26.12819786774411,29.28392672574419,31.521807712236757,0,,23.275945571025503
189.66,19.82686841261812,20.91312131846486,22.98143218671709,25.747698245418977,29.17519987128043,33.0409674802408,35.83022627334825,0,,25.747698245418977
190.06,14.958067321113647,15.620295198531611,16.847327026898498,18.42178786760383,20.274360096661088,22.24410969899484,23.59305436741867,0,,18.42178786760383
190.46,19.44079988105277,20.490684788762028,22.48613455628453,25.146620857232264,28.4300623076654,32.11606408622636,34.76477824785509,0,,25.146620857232264
190.86,16.590958593599236,17.387086799644795,18.876659680373358,20.81571673913985,23.1380508643292,25.65697759178315,27.41189820461917,0,,20.81571673913985
191.26,14.819175909219368,15.470298187347703,16.675640042435536,18.2202870462092,20.034818483193675,21.96087425854133,23.277737995633647,0,,18.2202870462092
191.66,19.83434947852184,20.92682043691749,23.008989455767157,25.797261002160536,29.25740924046148,33.16708635086915,35.99288913363408,0,,25.797261002160536
192.06,18.22364636917776,19.162601431635768,20.93547910057627,23.275945571025503,26.12819786774411,29.28392672574419,31.521807712236757,0,,23.275945571025503
192.56,19.17519330355983,20.203830494883565,22.15745151116141,24.75842312331489,27.96248421810293,31.552179313637485,34.126636205186294,0,,24.75842312331489
193.06,20.83690290179019,22.03081749350846,24.32021727628261,27.413877094800156,31.297924579001428,35.74732295975234,39.00398767158548,0,,27.413877094800156
193.56,17.179734215841155,18.026336682068106,19.615634794192648,21.69516931513493,24.201355922922826,26.939252892827,28.859067526120217,0,,21.69516931513493
194.06,18.45081737701449,19.408911742546945,21.220147967495496,23.614966926418205,26.539534362445732,29.782920597475403,32.08782917060211,0,,23.614966926418205
194.56,15.968683590803884,16.71103248155037,18.094531193798414,19.885024835367147,22.01400186329523,24.30444199865724,25.88893032988291,0,,19.885024835367147
195.06,19.0871108508646,20.1070617871249,22.04299626653556,24.61837364982749,27.78744779940657,31.333533086476624,33.87369195846992,0,,24.61837364982749
195.46,17.242630470566525,18.092696394705705,19.68877032749173,21.77730496553181,24.29470867307033,27.045229893492465,28.974066682130022,0,,21.77730496553181
195.86,17.613253573249605,18.49724473755339,20.160813283564075,22.34526992305056,24.98990059979297,27.893860243371066,29.93928916300237,0,,22.34526992305056
196.26,18.32122908291278,19.271757446149007,21.068570134247548,23.443991687296855,26.34412079289265,29.559788285755808,31.844621642817277,0,,23.443991687296855
196.66,19.17519330355983,20.203830494883565,22.15745151116141,24.75842312331489,27.96248421810293,31.552179313637485,34.126636205186294,0,,24.75842312331489
197.06,18.74260444419296,19.72871384303358,21.59657143243781,24.073131007501576,27.10796195500233,30.487464531488897,32.89784085433622,0,,24.073131007501576
197.46,18.69643810902621,19.68328276689697,21.553027565749197,24.03383139606746,27.07636768870536,30.46765361677319,32.88874789176432,0,,24.03383139606746
197.86,19.69429248952912,20.77239520534881,22.825658690597677,25.571365423846668,28.972888264751997,32.80865743913703,35.576062653917994,0,,25.571365423846668
198.26,18.8702231930094,19.868967553819903,21.761883677823104,24.27473334045805,27.35897720225398,30.79943307132433,33.25721183830039,0,,24.27473334045805
198.66,20.464679521352085,21.622245998119286,23.83773669387303,26.82255370947984,30.55540843409547,34.812475463081924,37.91511385773222,0,,26.82255370947984
199.06,18.239769044514787,19.1826134014344,20.963756288952094,23.316752412225934,26.186673155639497,29.36512464088372,31.621263507760663,0,,23.316752412225934
199.46,18.14347841337124,19.07483839878921,20.83249963655714,23.151045106621197,25.973999050860677,29.09374705693757,31.30401813399113,0,,23.151045106621197
199.86,18.84761330551417,19.846686722383573,21.74072927339552,24.25585066390097,27.344246112056503,30.791066945829503,33.25441168798529,0,,24.25585066390097
200.21,16.755524968479232,17.564232945082853,19.07821811162864,21.05128923387385,23.417483165438306,25.98774068690497,27.780923078016063,0,,21.05128923387385
200.56,19.08696438670799,20.11231390131984,22.059740850619207,24.65334094655824,27.849443729560942,31.4315500026787,34.00185450479548,0,,24.65334094655824
200.91,9.400169134080125,9.70063764682791,10.240042069750254,10.901036068165263,11.63747071728903,12.375538760578491,12.85650120360877,0,,10.901036068165263
201.26,21.849885611123508,23.15781666672889,25.68279313483803,29.131029346626168,33.51966230617012,38.62982851673017,42.42611348666995,0,,29.131029346626168
201.61,21.271747844160227,22.509385640857616,24.887763531296365,28.113235270122736,32.18165949984436,36.86806796043986,40.3153119994054,0,,28.113235270122736
201.96,25.830359306333577,27.59647585168169,31.08445577812907,36.01865597554735,42.59379961160506,50.66524184419708,56.9203469166356,0,,36.01865597554735
202.37,20.820437924865804,22.01579417401746,24.30851945913792,27.40819170476524,31.302048019940237,35.76591942276672,39.035192111959525,0,,27.40819170476524
202.79,20.07227954386883,21.18898698271913,23.321009994915677,26.18240166718939,29.743604575956976,33.781643792704365,36.709369215548186,0,,26.18240166718939
203.2,19.021141130658823,20.03727548136549,21.96572090636701,24.53100521476356,27.687433764065307,31.218772235256147,33.74833623044755,0,,24.53100521476356
203.62,20.043408088215656,21.1541317012388,23.273736942665582,26.11603293494088,29.64944324320029,33.65086310245073,36.54818734119344,0,,26.11603293494088
204.04,19.928966621688257,21.03091439738387,23.13281120056852,25.950014548059684,29.450049173467104,33.41028298977162,36.27619982425849,0,,25.950014548059684
204.46,21.70701481956397,22.992346603075056,25.46900883852848,28.841974224361703,33.1198656151253,38.07992700931547,41.7506392507937,0,,28.841974224361703
204.92,20.07227954386883,21.18898698271913,23.321009994915677,26.18240166718939,29.743604575956976,33.781643792704365,36.709369215548186,0,,26.18240166718939
205.39,21.62495331670576,22.907878599507345,25.381104425559933,28.75092822476425,33.02769523261991,37.99062373127571,41.6661336809137,0,,28.75092822476425
205.86,19.0871108508646,20.1070617871249,22.04299626653556,24.61837364982749,27.78744779940657,31.333533086476624,33.87369195846992,0,,24.61837364982749
206.32,18.36217390577518,19.31664618873158,21.12136027608881,23.508073606733884,26.42356769474169,29.65807376783485,31.957352859536066,0,,23.508073606733884
206.79,18.999741545041637,20.011200253038187,21.92970183607728,24.47978471767968,27.614571066739103,31.1176870814446,33.62451154371561,0,,24.47978471767968
207.26,18.36921203879042,19.319395092807188,21.11494963193093,23.487220321547632,26.3813209031818,29.587393005229657,31.863594042548858,0,,23.487220321547632
207.67,19.353616308004955,20.40026321164087,22.389801076854628,25.04329441589377,28.31928326978591,31.998639312311838,34.643361574073154,0,,25.04329441589377
208.09,17.03600313431459,17.869666334432868,19.433244572753665,21.47625268659308,23.934478575991346,26.614598731264643,28.49063275765349,0,,21.47625268659308
208.5,18.78496094341466,19.775231309391817,21.65139723879354,24.139933491131323,27.19112245212223,30.59072204116932,33.01685800899829,0,,24.139933491131323
208.92,18.02461515417098,18.94460471221531,20.679880331519183,22.96617408656576,25.74590545616081,28.813029744382323,30.982759336799496,0,,22.96617408656576
209.34,19.48979342264301,20.54994388952225,22.567239618023976,25.26125117144488,28.592659141733144,32.34167004595718,35.04128002820914,0,,25.26125117144488
209.76,17.92120112615166,18.83382964969377,20.55463726938203,22.82094943617214,25.574605064143118,28.611067063833275,30.75791553488513,0,,22.82094943617214
210.22,17.6268606156529,18.50747671279074,20.16404253478797,22.337387708636086,24.965605737603337,27.847849283871778,29.87586995843838,0,,22.337387708636086
210.68,19.02191339385593,20.032953840789357,21.95022125773833,24.49776757515876,27.628117312354423,31.12450772194905,33.62543859138032,0,,24.49776757515876
211.14,18.76543710722173,19.75119128297625,21.618081587568952,24.092525879311445,27.123542228084464,30.49712979253439,32.90224931242236,0,,24.092525879311445
211.6,16.025938372822328,16.769306011594033,18.15466318010424,19.94690000668464,22.07696631738044,24.367321942213163,25.951266539013723,0,,19.94690000668464
212.06,18.23190711523625,19.166930980671392,20.93115691765873,23.25785168124238,26.08999727334444,29.21902942687662,31.435309287104857,0,,23.25785168124238
212.52,19.510619219289712,20.570051881654933,22.585621492398037,25.27628305163644,28.601971716018724,32.34254580062041,35.03460218356755,0,,25.27628305163644
212.98,18.739090892537305,19.73004961325343,21.60822040277977,24.101117670964,27.160167152469462,30.571964645240246,33.008867874440696,0,,24.101117670964
213.44,20.499910676692107,21.654972605705638,23.864761291437567,26.839228886433684,30.554979571672305,34.78704023237403,37.86738221390296,0,,26.839228886433684
213.9,13.64634895880022,14.216740365955989,15.266813385380004,16.601573132297478,18.15394286217222,19.78382209637052,20.88847387711573,0,,16.601573132297478
214.36,18.762106404355123,19.752718161953627,21.629897224416528,24.120603728144847,27.17571745307209,30.58140294208936,33.012912057902284,0,,24.120603728144847
215.0,10.661940975798773,11.0315994327227,11.699859661492669,12.526841471431997,13.45884560697498,14.404513611453824,15.02669838059182,0,,12.526841471431997
215.64,20.750869114267587,21.932832703418335,24.196579915325582,27.251198391743717,31.079161727109465,35.45470167815615,38.650582943010654,0,,27.251198391743717
216.28,17.971065445627424,18.88361729501321,20.60383964329089,22.868050492628104,25.61726266795387,28.646300338866904,30.786358987660403,0,,22.868050492628104
216.92,16.384360796897205,17.160496821626655,18.610266221740552,20.492998266506664,22.741203937714364,25.171386613275857,26.859574418233365,0,,20.492998266506664
217.56,12.403173518202218,12.88210867305104,13.75651538415257,14.854660899476997,16.113736815150606,17.41500186213084,18.284837109090063,0,,14.854660899476997
218.2,16.81737469807353,17.62956574419278,19.150077496306366,21.13187721441809,23.50879549459736,26.091183306764787,27.89301429840536,0,,21.13187721441809
218.84,16.68684440678166,17.48941147907216,18.99143832817731,20.94753997244189,23.29161673547241,25.835456282005737,27.608858791295518,0,,20.94753997244189
219.48,17.829604172939163,18.731560628902965,20.43027875471986,22.664464071339506,25.37450487513063,28.35674724918199,30.46144658364763,0,,22.664464071339506
220.12,20.700123077968104,21.87675951066482,24.12948227145671,27.167802571585383,30.97292339275833,35.319046674076226,38.49150719133092,0,,27.167802571585383
220.76,21.271747844160227,22.509385640857616,24.887763531296365,28.113235270122736,32.18165949984436,36.86806796043986,40.3153119994054,0,,28.113235270122736
221.19,20.71680886671321,21.892276288277262,24.141842946231925,27.174602459339145,30.970530245979035,35.303193796032986,38.4639242442574,0,,27.174602459339145
221.62,19.551887042794355,20.609790302600626,22.621951348910752,25.30591273075377,28.62027141258547,32.34405410928234,35.021213892021805,0,,25.30591273075377
222.05,20.450426797023862,21.600325813561355,23.799508421273536,26.75828667498818,30.45230300796067,34.656286911955235,37.71461927546385,0,,26.75828667498818
222.48,18.509720608690305,19.476017607090235,21.303882206938937,23.723424970133287,26.682289676711424,29.96889258554956,32.30783942573519,0,,23.723424970133287
222.91,20.043408088215656,21.1541317012388,23.273736942665582,26.11603293494088,29.64944324320029,33.65086310245073,36.54818734119344,0,,26.11603293494088
223.34,19.374760320365876,20.420877601487007,22.40880705173084,25.05918807373485,28.329843906810517,32.00118371397083,34.63890472244167,0,,25.05918807373485
223.77,18.32864708865157,19.274951475985947,21.06274833529908,23.423872923428803,26.302924112577298,29.49065596023266,31.752495386907515,0,,23.423872923428803
224.2,18.45081737701449,19.408911742546945,21.220147967495496,23.614966926418205,26.539534362445732,29.782920597475403,32.08782917060211,0,,23.614966926418205
224.63,18.76543710722173,19.75119128297625,21.618081587568952,24.092525879311445,27.123542228084464,30.49712979253439,32.90224931242236,0,,24.092525879311445
225.06,19.556259472078416,20.62026371570076,22.64517021239471,25.349458352806604,28.69378535404623,32.45791158270241,35.16838418552334,0,,25.349458352806604
225.53,19.53132179200558,20.590000157790367,22.60385998015736,25.29117021196217,28.611181651018494,32.343339731243574,35.027915708546765,0,,25.29117021196217
226.0,18.658323275775736,19.63636096267976,21.48769610512354,23.940497473950792,26.94318907675533,30.282941289189388,32.66234280014928,0,,23.940497473950792
226.47,19.556259472078416,20.62026371570076,22.64517021239471,25.349458352806604,28.69378535404623,32.45791158270241,35.16838418552334,0,,25.349458352806604
226.94,20.38322677137619,21.52921447345757,23.720593969815845,26.66879846805792,30.349431984223603,34.53773843252979,37.58466404680253,0,,26.66879846805792
227.41,20.38322677137619,21.52921447345757,23.720593969815845,26.66879846805792,30.349431984223603,34.53773843252979,37.58466404680253,0,,26.66879846805792
227.88,18.8702231930094,19.868967553819903,21.761883677823104,24.27473334045805,27.35897720225398,30.79943307132433,33.25721183830039,0,,24.27473334045805
228.35,19.0871108508646,20.1070617871249,22.04299626653556,24.61837364982749,27.78744779940657,31.333533086476624,33.87369195846992,0,,24.61837364982749
228.82,23.00669730160102,24.435397234295756,27.21045987222032,31.035503267576395,35.9633952177194,41.78516112749468,46.16760467505157,0,,31.035503267576395
229.29,18.06406710918623,18.987805320126647,20.73051182773259,23.027471486356117,25.82149967396166,28.906031417701765,31.08906868017806,0,,23.027471486356117
229.76,20.940453527801655,22.14532652434685,24.457492927208857,27.58499125002534,31.51649994867983,36.027492060839755,39.33357691008513,0,,27.58499125002534
230.36,18.491900495454843,19.454034236847324,21.27314043241972,23.679377908450192,26.619351113736396,29.881626297457004,32.20109832100126,0,,23.679377908450192
230.96,18.049249159573368,18.96919956537057,20.70410613323077,22.98929663503943,25.76663319971858,28.829840882831228,30.99602604181144,0,,22.98929663503943
231.56,19.30658798673055,20.343238364977527,22.311595982214723,24.93276726386864,28.16229817904313,31.781039017706767,34.37684980569257,0,,24.93276726386864
232.16,19.28536038631605,20.322450735952074,22.29237877058095,24.91644763899069,28.151103257388463,31.77749066505956,34.379987308763724,0,,24.91644763899069
232.76,20.284802858024896,21.42084106919901,23.59122142384489,26.508520089994327,30.14619391080218,34.27970446222804,37.282600615304304,0,,26.508520089994327
233.36,17.601278912619883,18.48184114560303,20.13842302382698,22.312391704069324,24.942210683384804,27.82736136500922,29.85803887795297,0,,22.312391704069324
233.96,19.15288937885353,20.176601018083986,22.120016460129104,24.70542343448833,27.88712417170492,31.447789613453143,33.99848860695239,0,,24.70542343448833
234.56,19.84646203762748,20.931926791905347,22.998207668005,25.76060755624591,29.181663497364443,33.03804783297036,35.81896556644945,0,,25.76060755624591
235.16,18.914975158284932,19.91319208715099,21.80378512946488,24.31205597214617,27.38799067809813,30.81587183027676,33.262501314817165,0,,24.31205597214617
235.76,21.09745454825784,22.31941336563764,24.666278819597885,27.84550940896157,31.85007630193454,36.45559987930739,39.83850032077792,0,,27.84550940896157
236.3,18.8702231930094,19.868967553819903,21.761883677823104,24.27473334045805,27.35897720225398,30.79943307132433,33.25721183830039,0,,24.27473334045805
236.75,17.803078110397568,18.69820960344004,20.38229511917445,22.59441921146573,25.27356822499291,28.21636370290182,30.29014794128691,0,,22.59441921146573
237.2,17.932173760762502,18.841141579581333,20.55407899787017,22.80790126169897,25.543231031344973,28.555479217737467,30.68241581734924,0,,22.80790126169897
237.65,18.27202332946604,19.210629763011408,20.9824786709449,23.320053307602063,26.16672253597427,29.313732700723264,31.543467903522902,0,,23.320053307602063
238.1,16.478431378327915,17.26095921859702,18.722692610210903,20.62185585080021,22.89079542102993,25.34489080561879,27.050515597406427,0,,20.62185585080021
238.55,18.5153099563344,19.477357351238325,21.29565344290075,23.70014484206475,26.63681940912746,29.893972860863148,32.208877045550274,0,,23.70014484206475
239.0,17.19682434485148,18.040693109860356,19.623980582686592,21.693933664625323,24.18607860220724,26.90546382535853,28.810192495962287,0,,21.693933664625323
239.45,17.269039778096314,18.119300059399503,19.715582392079984,21.803857783085945,24.32019501485924,27.068588073962104,28.99533825037509,0,,21.803857783085945
239.9,18.288210408868995,19.230723244585043,21.01078165586608,23.36082899958228,26.22499896553092,29.39451706543816,31.642184174011696,0,,23.36082899958228
240.0,12.773040753826091,13.277974691060658,14.202059855624706,15.366599015171552,16.707282945561943,18.0990716460221,19.032899819879145,0,,15.366599015171552
240.17,20.284802858024896,21.42084106919901,23.59122142384489,26.508520089994327,30.14619391080218,34.27970446222804,37.282600615304304,0,,26.508520089994327
240.5,12.585427643847945,13.077079047304874,13.975796048487195,15.106377454375222,16.405242318428602,17.750603219405328,18.651543297989942,0,,15.106377454375222
241.5,11.086071160405314,11.481498856669685,12.19798072630294,13.087966728686746,14.095262468999138,15.1219703116094,15.800127907140848,0,,13.087966728686746
242.3,12.066517389126448,12.52454235839443,13.359394648596725,14.405230634077665,15.600833610326411,16.832681833933805,17.653952173587996,0,,14.405230634077665
242.8,11.660583660236048,12.091282305037184,12.874366691601086,13.851730094579024,14.964001002354584,16.104460897578228,16.86161489033391,0,,13.851730094579024
243.3,12.00901277725628,12.466399142080224,13.30039970442375,14.345694819673891,15.541321649087775,16.773883684997816,17.59647910291956,0,,14.345694819673891
243.8,10.78384781118094,11.169455756509594,11.867940185650909,12.736143329080267,13.71923834642594,14.721175647517274,15.38341243341291,0,,12.736143329080267
244.2,13.361802356578794,13.9108545297495,14.919804171204834,16.198740961580704,17.681645700215906,19.23301629662101,20.28034743728916,0,,16.198740961580704
244.6,13.478888291523974,14.03675184769838,15.062506718232004,16.364235445554282,17.875490008785516,19.458936234257934,20.529646996620237,0,,16.364235445554282
245.2,12.860093493758146,13.37630707542431,14.322459067898858,15.51751995948985,16.8972831500448,18.333978366575437,19.29959655287575,0,,15.51751995948985
245.8,13.306662055360745,13.85299179738969,14.856811662232245,16.129076101028144,17.604138649927997,19.14699146494869,20.18810674765446,0,,16.129076101028144
246.3,13.905869469699551,14.49318305613785,15.575605656175169,16.953669575527577,18.559770281940168,20.24974078851406,21.397013855709694,0,,16.953669575527577
246.8,15.242098039757618,15.93080066408828,17.20996729004123,18.85716573411575,20.803635545547877,22.8831545894804,24.313407462339327,0,,18.85716573411575
247.3,15.330935736581644,16.025317744680848,17.31523419896358,18.976943012764085,20.94148128134236,23.041643066650995,24.486259418682536,0,,18.976943012764085
247.8,15.633367094652726,16.354762650218326,17.697875191777257,19.43377299414593,21.4944411826834,23.707367281835214,25.23528408249757,0,,19.43377299414593
248.3,15.242098039757618,15.93080066408828,17.20996729004123,18.85716573411575,20.803635545547877,22.8831545894804,24.313407462339327,0,,18.85716573411575
248.8,15.126765077303007,15.804367448994626,17.061551629355254,18.67787270981233,20.58438477184417,22.617067721984213,24.01214903074851,0,,18.67787270981233
249.2,15.33033934059673,16.02815895228529,17.32526142226983,18.99764731202118,20.977062391778887,23.095640432505924,24.554098424671068,0,,18.99764731202118
249.7,15.33005868314224,16.0296362933021,17.330369300359568,19.0081759090762,20.99513578557915,23.123054658949275,24.588568399518618,0,,19.0081759090762
250.2,16.237790736075766,17.008974605628026,18.450043936163432,20.322410902570223,22.55953778179153,24.9796132461142,26.661363024102734,0,,20.322410902570223
250.7,15.300582523722696,15.995874124795362,17.288152245151586,18.953828285594152,20.92464592623436,23.033188086729115,24.484361859637826,0,,18.953828285594152
251.2,14.921261190106645,15.587135256130134,16.822041099756007,18.40878432962974,20.27879574605686,22.27080741667876,23.637733147756247,0,,18.40878432962974
251.7,16.449744652815728,17.243563808072572,18.7299260378081,20.6667518099226,22.989872779541965,25.513171855684742,27.27366232483218,0,,20.6667518099226
252.4,16.92693362436457,17.759294806633562,19.321360690556816,21.36441614651393,23.825408632126724,26.512496526034685,28.3949229070693,0,,21.36441614651393
252.9,14.529282390071923,15.165237522547722,16.342126458007613,17.849271284093625,19.618540678675743,21.494924763461817,22.776381147537226,0,,17.849271284093625
253.5,8.56826727496524,8.827038085676998,9.289415184672643,9.852397446102126,10.475035968254897,11.094069341418122,11.495216543708755,0,,9.852397446102126
255.5,10.22447550552232,10.572455251503335,11.200476092843754,11.975874910109631,12.847296074240138,13.72903440334954,14.307352281407589,0,,11.975874910109631
