depth,pc05,pc10,pc25,pc50,pc75,pc90,pc95
0.18,13.0128889934592,13.543427658045893,14.5154133762678,15.742919349623598,17.159363487731188,18.632235128008688,19.622188048864583
0.3,13.584864452104426,14.154886068801265,15.202438520271206,16.530994787908817,18.072446741158075,19.68537380373746,20.774535988822645
0.42,13.45844816023215,14.02143985658692,15.055884875267822,16.367488851629062,17.887627298023368,19.47727167742364,20.5506146988528
0.54,12.15370561235014,12.626209024733512,13.487679698975,14.567799905634288,15.803769185633069,17.077638962288237,17.927180749981087
0.66,13.369717179364924,13.92369387633786,14.940957746401798,16.228772907733735,17.718792513827843,19.27420360814069,20.322971936569733
0.78,15.101410623495685,15.78604867875498,17.056163985350775,18.68778867017868,20.60957640338666,22.65677845512783,24.060559333236696
0.9,13.806755685598151,14.393236868468469,15.473217658233802,16.845092577686696,18.43998478870105,20.114324867620716,21.247924864634378
1.02,13.574676702967988,14.141567932518296,15.183196090257912,16.50274027533612,18.03240447560802,19.632211295466483,20.71154723805372
1.14,13.422981005159226,13.98086228747877,15.005400300653992,16.30334043299774,17.80607271432148,19.375461770196956,20.434110191222867
1.26,13.404519756540273,13.96348510100787,14.990475812735406,16.29173644986534,17.7988039355271,19.374586695382693,20.4378822926355
1.38,14.259053129167055,14.882745519324288,16.034240327748417,17.50447123561085,19.224445022464067,21.039348280293893,22.274346072833666
1.5,14.338328638097986,14.96417181424996,16.11986645183732,17.594475460091335,19.31813133925272,21.138240395322764,22.376484946991926
1.62,14.933351683220229,15.606096077360718,16.852889967767684,18.452180331966808,20.33411565137344,22.335199815802586,23.70466048934263
1.74,15.684501881299804,16.41713190533981,17.781224379930077,19.542013341357645,21.62996146741614,23.870461706053632,25.41554017108455
1.86,15.068329499084625,15.750330433315057,17.015352558392337,18.63970753622718,20.552356361361028,22.58909074139364,23.985102725861907
1.98,15.161023707968964,15.853600251137294,17.139211207021102,18.792836170159724,20.743266174158297,22.825943367718185,24.255788465428665
2.1,15.43725998425807,16.15106866100326,17.477268619603926,19.18718467038246,21.210869433096807,23.37321372901773,24.86207537866137
2.34,16.275106050619783,17.0596308995415,18.52518717131835,20.42864870137633,22.70301806312435,25.15799249134388,26.863412413277214
2.46,15.720120858080517,16.455692723491133,17.825654318033795,19.594635550407663,21.69293450898912,23.945833901719407,25.500285545996263
2.58,16.197111349640082,16.97164506854696,18.41685031991325,20.29108717764349,22.526028962449544,24.935641139592164,26.60645137238528
2.7,16.16107583772289,16.935804586388528,18.38167207924387,20.25829416046718,22.4973157092634,24.91011021656429,26.585420381364024
2.94,16.86574506311685,17.700287621609526,19.264031944906367,21.30632247030459,23.7604384359286,26.42964484260647,28.29696559798593
3.06,15.333905698259848,16.039182190787674,17.348670008732995,19.03580752372476,21.029628623513847,23.15856815496452,24.622963756942763
3.18,16.584210548683075,17.39386488169284,18.90915555460172,20.882098914591083,23.244384791264107,25.810019492049072,27.597208999605453
3.3,16.86187757818014,17.694313992169462,19.25355598577961,21.28883935841981,23.733557344950714,26.391597309811388,28.249511270116333
3.42,16.42746362443191,17.22343967577131,18.712170797810007,20.646690620858788,22.960115007776448,25.465943101755897,27.20757222373549
3.54,16.82132656828107,17.650154991869503,19.20226480522213,21.227629014902572,23.658946548152304,26.301859243940427,28.14824444731902
3.66,18.383167318225325,19.351527062057727,21.18170838095489,23.602528665172624,26.556404224565465,29.833466186545937,32.16135134707426
3.9,18.226502741224124,19.18643961355084,21.001205133396784,23.398790139933624,26.326272511201665,29.576441935686333,31.88121445564139
4.02,19.62726053335625,20.715555078815044,22.786795490093745,25.556630624648207,28.98572535273313,32.84973427953054,35.63678136156667
4.14,17.712922755996736,18.62248714169256,20.33517821270719,22.58852075948551,25.321034828731243,28.325115457134537,30.446399871824827
4.26,16.313366610731666,17.101180822015536,18.57350863204378,20.486038614779,22.772237653975196,25.242305895429883,26.95811866165221
4.38,15.718872695006876,16.455985343224985,17.829083155945508,19.60257635974549,21.70742713060708,23.969060489493472,25.52983246957631
4.5,15.79294885774302,16.53294812825781,17.911165044473343,19.69217825013464,21.80496991747576,24.07378550038732,25.640341772501863
4.62,19.927164446914883,21.03558944915291,23.14806793425649,25.973780337875915,29.475918030905824,33.428769616228806,36.28004428803092
4.74,13.999328431951325,14.601681457603812,15.711874319470729,17.12597762562585,18.77376119455438,20.50758616786474,21.68433533104908
4.86,12.2890476032748,12.772800909904769,13.656125133846713,14.765225133896257,16.036849613754622,17.35262411971761,18.231397939895157
4.98,12.45293954319224,12.948153255786265,13.853344624983922,14.991806071921008,16.29865504419097,17.651537351949525,18.55700973294157
5.1,17.455412723720897,18.343219312898317,20.013506048178957,22.205659269490717,24.85624079358908,27.769666257353688,29.81902827262344
5.22,22.4718500803162,23.852785572441523,26.52609785181923,30.186783498094176,34.86670914021144,40.3432011938785,44.43077917776083
5.34,20.87388721166053,22.09150725294742,24.426825563320804,27.58637973308213,31.55697160216691,36.109957504931046,39.449190621262616
5.46,33.3336094447148,36.1544021920986,41.93459146004648,50.57452251552856,62.71721613631978,77.65664690249967,87.99753415170089
5.58,17.866365415621463,18.78429201774304,20.513425670926296,22.78685804198384,25.54516274162044,28.579608810468464,30.720353282491917
5.7,10.60782731542366,10.98515442103321,11.667289042709704,12.512292612076983,13.465322321121633,14.4329092979956,15.070169406559486
5.94,13.230009829856906,13.785326331628008,14.807235732314904,16.105573437637336,17.614730082490066,19.200272080423087,20.274531451551603
6.06,14.54110108707352,15.185412286925397,16.37720907711749,17.9022138504175,19.689433963174267,21.58395347163681,22.87671247404764
6.18,13.92329662279906,14.522473343818309,15.627370780031928,17.034229859631957,18.674111120551178,20.40233176844509,21.575206393214316
6.3,13.305492158524604,13.85953440071122,14.877532482946366,16.16624586884641,17.65878827792809,19.22071006525337,20.273700312380992
6.42,21.87752915765132,23.198489920823583,25.745596722282063,29.221810018092786,33.637089428554425,38.77135842501686,42.57851313535888
6.54,21.16288132344424,22.405722005441696,24.792330418400898,28.02841743826503,32.104475143925356,36.796830752038915,40.24561131644204
6.66,20.448233489237158,21.612954090059805,23.839064114519733,26.83502485843728,30.57186085929629,34.82230307906097,37.91270949752519
6.78,28.973106979807923,31.16932887917684,35.57961534697435,41.99010465157824,50.82692822531499,62.04037805196711,70.82159661054779
6.9,15.5381915382199,16.263387490015262,17.612522792464304,19.3548179038928,21.421545468028565,23.63317104097884,25.158605107504343
7.0,2.9427068039155464,2.9946450371354767,3.08533216262066,3.190252694456155,3.307842325744443,3.4109791693245084,3.4811308146909536
7.3,3.306589435943364,3.3674604785322653,3.480979313302176,3.607484692012642,3.7430833558914176,3.8719740382455554,3.951297704068082
7.49,3.0713517187190127,3.1267054765142426,3.227198248083631,3.3426922229385254,3.4613526677782067,3.5813316523762797,3.650044545745301
7.69,3.0901625394345755,3.1466076586835934,3.248270123775653,3.363337324082289,3.4888690928651034,3.604281543472972,3.673852967281374
7.89,3.1686275525383363,3.228955091203252,3.330993698040755,3.4527054118497227,3.58303662367501,3.701930543116853,3.77254426586772
8.09,2.765007803440095,2.813009672381959,2.897211684984053,2.9952140066008712,3.098611629002736,3.188930095741601,3.2554824258035517
8.09,2.765007803440095,2.813009672381959,2.897211684984053,2.9952140066008712,3.098611629002736,3.188930095741601,3.2554824258035517
8.29,2.9522122329342784,3.0046128128586256,3.096649465375267,3.20382405136881,3.319878578734579,3.427402292911269,3.49886696214143
8.48,3.2292843543553604,3.2902615629152785,3.397381499355317,3.5244512333290627,3.650682252339245,3.7720846727735657,3.854340998061877
9.08,11.546930903866036,11.983366823091272,12.777367311034858,13.76828006281128,14.89604433618607,16.05368058202558,16.821828220257608
9.84,13.330843550028009,13.890448222396616,14.918684535925651,16.222112750818525,17.733787611436572,19.320829300454072,20.39089028614616
10.45,12.634682849706438,13.143666239044968,14.075117347211668,15.24925418752087,16.601448589883034,18.003617805225268,18.94461785948448
11.06,12.736050907218244,13.25438593443903,14.20371848520412,15.402041549218476,16.784726923930506,18.22659312910032,19.19356515849122
11.67,13.044015011037295,13.584551730765172,14.577802916273344,15.834978105543248,17.28987024572917,18.80014956159627,19.8213795411167
12.28,10.836991410940982,11.226899048896826,11.93294016649904,12.808615234600708,13.797764631475715,14.80330832165822,15.466396857183264
12.89,13.83696273219688,14.434794017115207,15.536045273947776,16.93903417692327,18.57604313675249,20.30608868073431,21.478169487939432
13.5,13.486512550863456,14.058836693500004,15.112890313488013,16.451598036918732,18.006200345325045,19.63233976041384,20.73513795042639
14.11,12.811709133084406,13.335704565804178,14.295312659922114,15.507157691676928,16.905882153515396,18.36715320334686,19.34730207601266
14.72,13.139377334358896,13.688022980125528,14.69679959238934,15.975230319046618,17.457872346800357,19.006844403756684,20.052441650281917
15.33,11.707013461279791,12.160418083541796,12.989041280655302,14.02631749713152,15.212831113362498,16.43281072442148,17.248263627977323
15.94,12.614467257041849,13.128143445461829,14.071389647121372,15.26140529624174,16.635039977322158,18.06127962066192,19.021279845927666
16.55,14.103678687670309,14.721867602161971,15.864570913541142,17.324114617361385,19.03095154278701,20.82454096496732,22.04977298108198
17.16,13.128938759070271,13.67789153428487,14.687959134204462,15.968095688892962,17.453143736143772,19.00442007146758,20.05221108978434
17.77,12.981127054659025,13.518376937994924,14.505363483660808,15.753914132714163,17.197264929270013,18.695873007208355,19.708888891080708
18.38,10.828357856539656,11.224467328687824,11.942191238907345,12.834524527693826,13.84458214058245,14.869501763186395,15.548893518650528
18.99,11.720721101665706,12.17422602919974,13.002387453672036,14.039183074530916,15.224910353991683,16.445015835049777,17.259467535209403
19.6,10.513308387847164,10.882452885889538,11.549252394935348,12.373802311391357,13.302006656892017,14.242163912262964,14.860000387850857
20.21,8.529473998204995,8.791692809264717,9.260369852399466,9.830625679286332,10.460865757158649,11.086860117515554,11.492029221912626
20.82,9.659820081283128,9.982078184343337,10.561314393108791,11.273076468612292,12.06829994442182,12.867814740486535,13.39002182524447
21.43,7.625819880382822,7.845299207365983,8.235185353671554,8.706360603632564,9.222698191076317,9.73184252412,10.058531482644158
22.04,10.948503637927876,11.345570109337196,12.064500862633617,12.957361702004468,13.967419318009746,14.99582465395935,15.674944815134156
22.65,8.67792810095139,8.946447536413544,9.426480429741217,10.01103014071717,10.657565931039144,11.30068686551949,11.717133492835238
23.26,5.752629885101281,5.893933365456112,6.1421193815277695,6.437435237637708,6.756582226529165,7.065646841544625,7.261713741291693
23.86,9.875761636151031,10.209090069561553,10.80911654041841,11.547356173651488,12.373548656620372,13.205116998113398,13.74896502809281
24.47,9.561106075906528,9.875734977339915,10.44073529881078,11.13390718780528,11.90683017960044,12.682198364502668,13.187644545616044
25.08,7.658949043393267,7.88217248270965,8.279120431241298,8.759308457240847,9.286928607451827,9.806240186296812,10.141916096555663
25.69,8.76859677104034,9.04308171799172,9.534154277760086,10.132826133762377,10.795996906533356,11.456171563092708,11.884265052619574
26.3,10.925876656109882,11.320616934171696,12.035274992921275,12.922374631061796,13.925349068161312,14.945799421808244,15.619239294438025
26.91,9.798558255632267,10.127460244314788,10.719325796448322,11.446775590428375,12.260034017241653,13.078311093402968,13.612948646350036
27.52,7.89571079997056,8.126226264460833,8.53626495593006,9.032454687550166,9.577360805557063,10.115320236881372,10.461650317374229
28.1,9.102636642950188,9.394094079594618,9.91636186750882,10.554975034487596,11.264540915099166,11.973735159942631,12.434749229296754
28.66,11.505828939853188,11.934335356114506,12.712428087582222,13.682121657353427,14.783382958689558,15.909904059072812,16.656619322321735
29.23,10.328702676243028,10.688284583849976,11.337094797953457,12.138387987564526,13.039064527345294,13.950810345059814,14.54929671208296
29.79,10.845026909443702,11.233044829881951,11.935000990405271,12.805326969095267,13.787826878056846,14.786055270691609,15.443828106776074
30.35,10.563318117322371,10.93465358770988,11.60563624006753,12.435479375804388,13.369889543660085,14.316935019183449,14.93939292972144
30.91,10.91825534163593,11.310778323161664,12.0214147202657,12.90281427394232,13.898648749625645,14.911671210162767,15.579416082036772
31.5,10.851904351654932,11.241928568452607,11.948024582842017,12.82377227618082,13.813013424348664,14.81855513633011,15.481474092019932
32.11,10.955096334163123,11.350062830135606,12.06510754187692,12.952186258524684,13.954788843722646,14.975216191824094,15.648201752148852
32.72,10.5783983609433,10.94994438509463,11.621247381213342,12.45124342579183,13.385675282324048,14.332881752358569,14.955296103552415
33.33,9.751849573726542,10.07876494315352,10.666711994848832,11.389383475812693,12.197136214161509,13.010071169007317,13.540979512431644
33.94,10.310668605245402,10.668400279322588,11.31375825468515,12.110453461283688,13.005570300783656,13.911015487274634,14.505253188371867
34.55,11.038596492646487,11.44052156441846,12.16873939661698,13.073285236854082,14.096997878169743,15.140903408411145,15.830352570232774
35.08,11.293391757636485,11.70892285326891,12.462687814575064,13.400409077323104,14.46375697886003,15.54958776447348,16.267640903583136
35.55,10.563318117322371,10.93465358770988,11.60563624006753,12.435479375804388,13.369889543660085,14.316935019183449,14.93939292972144
36.03,5.809518408994097,5.95983814472604,6.222342730480389,6.532849063940998,6.865610112286047,7.194001371918707,7.409275729812999
36.51,10.673935289853894,11.053807267215094,11.740632847235505,12.591284117916624,13.55062371784335,14.525183791039431,15.166749420845392
36.99,10.82201016688102,11.211869409431214,11.91778366684944,12.793306015774828,13.78228871243114,14.787958095307271,15.451165613701006
37.47,10.742727153242114,11.126038251690463,11.819543579943971,12.678567918303788,13.647584032866488,14.632105196853429,15.280579259267371
38.08,10.836991410940982,11.226899048896826,11.93294016649904,12.808615234600708,13.797764631475715,14.80330832165822,15.466396857183264
38.58,11.100622634587042,11.507181543169157,12.24459299361533,13.161084049452173,14.19916859498636,15.259065157585486,15.959407637284135
39.16,9.844720016128472,10.176237669036052,10.773046974049135,11.506957173314454,12.327906367821882,13.154027426825314,13.69406778861311
39.73,10.700603916805685,11.084422848219369,11.778915861515518,12.639863819828308,13.61193752532508,14.601670996467435,15.253212223873344
40.31,9.735634643350645,10.062180918577086,10.649625653285684,11.371758574404462,12.179044063371762,12.991806292582774,13.522546407911603
40.89,8.665121935886749,8.937253278115866,9.424394216163575,10.018312092992725,10.67617496327446,11.333390798800828,11.75797852403086
41.23,8.733561034474867,9.00877395332693,9.50143952734551,10.102593528860238,10.769017553920872,11.432944068140262,11.863499970259994
41.41,9.669543168227168,9.994881089505135,10.58054988765316,11.300710485404602,12.106241657419636,12.917933667183508,13.448078431256164
41.55,9.654208299357617,9.978717604887764,10.56277792048004,11.280874921506165,12.083999302034046,12.892664643580352,13.421177753641512
41.72,11.251015311107686,11.666434177029924,12.420181324941597,13.358476711141783,14.422877148816486,15.509155687033518,16.228218698145284
41.86,10.925876656109882,11.320616934171696,12.035274992921275,12.922374631061796,13.925349068161312,14.945799421808244,15.619239294438025
42.03,11.177902873874489,11.589500964489362,12.336329231811364,13.265239681089604,14.318104248382843,15.393073654002649,16.104009353617624
42.21,9.922590702975558,10.258664553388437,10.86371270919519,11.608565267140063,12.442590625718076,13.282720751073132,13.832556784097097
42.39,8.21706274875261,8.469289619172377,8.920890513935944,9.469074567540044,10.074189349281232,10.678109102432888,11.065647470085317
42.59,8.317606227676741,8.568010429489304,9.014380709583714,9.556382045266238,10.153775816741511,10.745859708407,11.128040454372956
42.84,7.858307798451636,8.09137018523753,8.506611519847583,9.00985934362748,9.56424226014068,10.1105726363657,10.465023144124247
42.99,10.96734944856646,11.365542091574136,12.08673483226318,12.982496790135407,13.99601761149644,15.028481516309018,15.71032413877127
43.15,10.979847628113095,11.381323431146452,12.109043195470452,13.01365330764954,14.03833480255232,15.083886666268752,15.774824881360246
43.4,9.692618259836008,10.015305158245091,10.595554423167703,11.308304184893805,12.10437759118536,12.90469151076607,13.427171460166534
43.66,9.76523144892794,10.09423851286892,10.6861281284123,11.414070926418464,12.22826602888968,13.048543922001354,13.584225585261777
43.98,8.64946708784128,8.919805149537291,9.403296068118983,9.992593266834616,10.645083474343808,11.295868442059051,11.716779698107052
44.24,9.695126796193026,10.016584991291015,10.59470960219712,11.30434210733774,12.096560702824709,12.89235671569961,13.411800161129657
44.51,8.489828713600069,8.751592972342564,9.219266625064291,9.78852343925332,10.417741696934849,11.043233680419643,11.447651651318528
44.77,7.590401421854287,7.810757311401989,8.202708712197449,8.676461037896923,9.195774995223909,9.709407480700342,10.037969232726422
44.99,11.090839384570748,11.498528953108416,12.237916937630535,13.157325300609548,14.199314222420544,15.264643419667571,15.968295807130684
45.17,8.535764963282547,8.795667746301763,9.258604693197295,9.821841828243072,10.443422958342367,11.060383459594934,11.458966205437465
45.35,10.404625319089726,10.772469779145412,11.437094565623328,12.25929342936182,13.185352793871768,14.126219694032276,14.743676380229813
45.53,10.279425970833778,10.636750069241211,11.28136852511008,12.077471230817313,12.97223569335718,13.877505255573045,14.471755108587134
45.71,8.712635179335471,8.986251537437953,9.4758402853253,10.072903250813464,10.73438533030082,11.39389893784418,11.820868087648822
45.89,8.249501479297649,8.497289401498207,8.939158296801555,9.47552989326948,10.066507677598054,10.652024809511762,11.029814188697086
46.17,11.587493947407683,12.018332165892929,12.800415438474456,13.77560510102893,14.883539695447237,16.01667162350983,16.767542881554952
46.52,8.68256712085566,8.950760448714501,9.430236272308164,10.014017988528828,10.659577349207458,11.301483633707996,11.717173872754593
46.86,10.580637279631384,10.95310738934926,11.62611382965887,12.458543767394016,13.396010184770349,14.3464439689092,14.971229714945748
47.21,10.496066195766792,10.864108668177552,11.528996765133313,12.351016174893465,13.27614196546184,14.21299370229304,14.828562960292365
47.54,9.1753428474018,9.467136671994291,9.990450012520212,10.629423004190231,11.338793386764587,12.046977869337256,12.506941169299452
47.85,9.179768919025134,9.473616200984225,10.00048477671995,10.644574708192486,11.360127384700222,12.075179274904624,12.539983710291562
48.16,9.38949869639696,9.694388313094958,10.241458843840002,10.91146874839905,11.65730542747117,12.404366324610328,12.890629072416234
48.48,10.57621445108445,10.94683734223357,11.61647358969974,12.444038696385258,13.37545678327978,14.319412554020507,14.939489900134552
48.79,11.923676259698546,12.379644427940686,13.210000997423007,14.248507975943134,15.433057181748032,16.65071483071551,17.460957446853428
49.1,10.097692069614846,10.443373482747193,11.066571941885856,11.834453452932191,12.695349925419812,13.56415117574622,14.133242076968903
49.51,11.081576123028992,11.483816973009654,12.21248577073846,13.117192725481155,14.140439797251734,15.182685867784194,15.871017402036191
49.97,10.545970113784334,10.916272029826263,11.585235929502876,12.412515536172767,13.343872756211043,14.287621667574136,14.90774626309837
50.43,11.553353628901911,11.98568765699128,12.771396582512049,13.751201917778568,14.864904163037252,16.005114955975262,16.761324572967872
50.89,10.977760531449665,11.375001186504893,12.094305730346166,12.98716270443214,13.9968011819147,15.024950343948596,15.70344923054991
51.35,12.165915379339076,12.638326154131152,13.49950205509351,14.578920665240087,15.81372582984201,17.086588103638213,17.935167639121406
51.81,11.61508272415716,12.051369964081816,12.844529998182788,13.834307276963598,14.960339730973269,16.113812433894807,16.879082398178728
52.22,10.213439023367329,10.567521147311703,11.206252888142044,11.994811522860257,12.880733907353855,13.775280828281272,14.362855066861284
52.6,11.411790631090645,11.835067899022222,12.603486160378491,13.560259379460316,14.646257881553188,15.756845083068091,16.492435014004297
52.98,12.167845179108074,12.638414020321148,13.496250107202147,14.570484876666248,15.798466810781136,17.063864943359842,17.906876122536538
53.36,10.411983636212856,10.775799103741976,11.432824385153342,12.244416040640814,13.15704251370618,14.081118553629077,14.688026717758357
53.74,11.753094950027409,12.19779451303291,13.006552133492349,14.016394166709862,15.166495984448767,16.3468157986805,17.13061166364296
54.12,9.74460863006305,10.065898866676012,10.643577990212393,11.35184100324883,12.141848749215027,12.93446030789857,13.451375234002032
54.57,11.2260520552632,11.639008336144084,12.388004584298807,13.319957566580472,14.376479003452204,15.45451910502754,16.167593733601976
55.06,12.417710323968768,12.90720421703115,13.801455342196524,14.924881188871847,16.21297618075391,17.544530980697864,18.43466895828798
55.56,10.815243356773449,11.202991526121366,11.904966660189856,12.775087200963185,13.757438645511629,14.755876068229256,15.413860537268745
56.05,12.926600238518036,13.452003186167897,14.4146131187905,15.629592598613367,17.030181499552807,18.486465217174217,19.464821063236094
56.55,12.417710323968768,12.90720421703115,13.801455342196524,14.924881188871847,16.21297618075391,17.544530980697864,18.43466895828798
57.04,12.977232986865936,13.506261188218634,14.475652950594576,15.69991638621509,17.112284523336854,18.580830364690136,19.56801628122602
57.45,13.209417918195925,13.755345995263331,14.75716029198357,16.024383157994432,17.490270569013823,19.02051429184246,20.05113800274604
57.79,12.60705427153724,13.10996403725266,14.029082684759713,15.185835649819284,16.515443927019643,17.89230340010111,18.814274742334344
58.14,11.750889984604452,12.200024835873268,13.017529449108569,14.040119726887273,15.206905838509496,16.405893348320603,17.203656201605817
58.49,13.017888954029942,13.551030219417852,14.528283542346257,15.7633832528148,17.189550815004832,18.67249239977013,19.670485823810303
58.83,12.546849082452646,13.04442338955921,13.953379584120157,15.096439782778624,16.40899802559834,17.766968044436542,18.67526712485262
59.18,11.657938226707444,12.099939369337536,12.903951245110283,13.908566230208718,15.05307296856345,16.225901853807038,17.005523913495566
59.52,12.24297494338139,12.723535677851654,13.600688566413432,14.701789484281258,15.963830796515516,17.268361767699957,18.13943524416256
59.87,12.894756633841048,13.42133353955895,14.386525351609563,15.604896551592809,17.010014572331908,18.473925070310244,19.457545519858936
60.22,12.52469282831214,13.024922221826506,13.939529190284713,15.090948717783244,16.414324657685693,17.78288184556653,18.70028859187892
60.56,12.826612333774552,13.344844744449444,14.29419107867252,15.49062795407792,16.868454737719606,18.300438253905224,19.261427457390223
60.91,11.380829118668949,11.8090269760298,12.5875024362932,13.558853512280235,14.664332521168433,15.79916482330352,16.551406250548283
61.25,14.265517700575389,14.888402012587996,16.03826453703397,17.505782113446532,19.221835330186497,21.032571857882186,22.26422211595015
61.65,13.941456105490486,14.539365116873274,15.641285352493249,17.043768960821772,18.676862134749012,20.39479698641403,21.560010428326112
62.08,14.38054815029437,15.01364118357312,16.18398963667979,17.67911059052934,19.430109771063744,21.283999462802587,22.54674910304768
62.51,12.632925023508832,13.1397117374228,14.06653516210528,15.234058330650914,16.577490630468326,17.969858121963025,18.903338452984343
62.94,12.758381438251252,13.276131483494682,14.224369918451934,15.42046528668351,16.799526894165748,18.23604416419441,19.19956147518654
63.36,11.484909324711047,11.91719925499699,12.70328273474628,13.683860437425215,14.799440432891345,15.944775709488413,16.70402365260926
63.79,13.262028996025474,13.811677408045924,14.821118324153822,16.09825348698629,17.576251812071646,19.120671837968263,20.161386902984137
64.18,11.471506698197054,11.901240910334458,12.682201578644396,13.65580147726727,14.76257553358118,15.897134792162552,16.649258781049276
64.54,13.970319816499831,14.570449106460805,15.676492791451963,17.084791850247772,18.72518679590935,20.45106519790582,21.62200619658792
64.91,12.876377554605275,13.398218538674268,14.354177409272532,15.55985943311098,16.9489172606993,18.393034671344488,19.362658695602462
65.27,12.791060123924664,13.307889851253124,14.254507957085773,15.447440029737376,16.82136246974749,18.24983973103633,19.20821445727665
65.63,12.741796487421912,13.255159367705868,14.194880489033158,15.37882838503762,16.741920087222407,18.158029509099794,19.107731763857064
65.99,13.376730267502186,13.93729873035462,14.96769520145134,16.273486256766667,17.78699532694285,19.37322678362528,20.44360581416215
66.41,11.450359798064849,11.88139949821077,12.664740978063616,13.64211640714895,14.75423813536948,15.896509484298925,16.65343758087032
66.85,13.72632121669514,14.310530786678443,15.385961370722146,16.75276141991841,18.34301209200159,20.012728006738456,21.14312278049625
67.3,14.566866358263084,15.21466290951773,16.41323742056853,17.947785054465974,19.74710938058981,21.656442754306735,22.960049566880038
67.74,12.358722041775644,12.847288182574305,13.740072704387144,14.861433398593276,16.14772074260863,17.479814303524666,18.36999373155226
68.19,14.69390450695776,15.351749030965376,16.569587087341073,18.13129668296702,19.965937260069698,21.91062532274367,23.24162197161999
68.63,10.08297626135908,10.43138666106221,11.059537368233029,11.834418338191837,12.704218873610513,13.584285627334072,14.16037049470053
69.03,14.59837819163762,15.248696682288385,16.452029615427545,17.993387054609144,19.80121008575936,21.71943880489725,23.02983882504137
69.39,14.50411651010733,15.14699210525954,16.336171797429444,17.857272726738938,19.64012009029793,21.531335852680552,22.821405597309017
69.75,11.750889984604452,12.200024835873268,13.017529449108569,14.040119726887273,15.206905838509496,16.405893348320603,17.203656201605817
70.11,14.822933252921237,15.491086965139491,16.72891062308152,18.31790756618134,20.18848031551884,22.172770558989157,23.532207351165045
70.48,14.883717229076437,15.558189327666216,16.808565627801762,18.41501504673569,20.30861652102914,22.321599451059715,23.7008047015462
70.84,13.34861297171338,13.910780910869654,14.943838558706902,16.253924024508645,17.774009588636407,19.37174765604,20.449208322098603
71.28,14.34384117687978,14.975391061457325,16.142607434196552,17.63414164978105,19.381392607237245,21.230928159273603,22.49047307772695
71.78,12.275661394008766,12.761544971352388,13.64890911097564,14.764200945987376,16.044445842596566,17.371881483035853,18.25826142800432
72.27,14.088130537345805,14.70251910591936,15.83689107852164,17.284836617316582,18.97640449535151,20.75614684855381,21.96902898587475
72.76,11.88548374884005,12.3466068138168,13.186645103530491,14.239343110166036,15.443120091063893,16.68766757895558,17.515172631176668
73.26,12.869481797417528,13.394186661042468,14.35588459427138,15.569419421311048,16.968819704681515,18.426932753015528,19.406207536295728
73.75,12.668451223685828,13.176713505070024,14.106232427057998,15.276990552184326,16.62405897566445,18.021284288364267,18.957787261598543
74.31,13.698192310568572,14.28027887007516,15.351557895608453,16.71289675246574,18.296345195335427,19.95755542550392,21.08193488184
74.9,13.143574994314172,13.689198648022703,14.690964940271549,15.95958163173898,17.42886105153232,18.96189148065872,19.995666359969228
75.49,10.45718877614838,10.828325543576492,11.499112989627978,12.329451381796751,13.265086817664091,14.213920998124472,14.838096953915176
76.09,13.090906924085123,13.632673659326777,14.627211019655066,15.88614626687866,17.343110460821684,18.85893522034413,19.881817455106475
76.68,12.045685622830876,12.515758153775993,13.373529729237344,14.449367510313197,15.680492339839171,16.94713954907116,17.793525977590633
77.28,10.318081838705696,10.6806402149362,11.335500342082424,12.145188130730476,13.05659742400268,13.981700520753854,14.588881642428444
77.83,12.35826093172066,12.84889947568766,13.745437772202228,14.872299886297473,16.165831496370412,17.507603149996466,18.404124180821423
78.36,13.65316691954751,14.234321244931124,15.3040464775498,16.664205991120298,18.24692300586235,19.905235908425592,21.02874262980101
78.88,10.403020104555043,10.770024342599736,11.433048987243998,12.25305068951248,13.176323467188276,14.113824354823874,14.729266764849084
79.94,13.111277060178988,13.652274711997968,14.644750833921997,15.900497586037714,17.352959504254915,18.865456317984265,19.884578683297903
80.47,12.381820157665649,12.874141993534945,13.7739201190883,14.905039198487914,16.20355658227425,17.550482577162203,18.450805156816514
80.99,13.68987788589358,14.272553212992984,15.345062269856315,16.70848295901707,18.29499908351705,19.95950013524326,21.086520329068826
81.52,13.6336676749299,14.212167192895876,15.276502954894282,16.629116946661338,18.201947000252137,19.84862073890029,20.963678811741605
82.05,11.42984194597155,11.859523403593071,12.640295629875515,13.614388094333888,14.72260151159274,15.86041803967534,16.6143959511522
82.58,14.546706529222387,15.190092055784689,16.379787687496993,17.901958668612025,19.685344434617768,21.574192260101523,22.8629197642004
83.1,14.561347108165688,15.210124287245412,16.41081668059011,17.94821709266478,19.75130182003807,21.66641219621757,22.974195445059003
83.63,14.198957620273202,14.817987821706955,15.960310144600593,17.418389954408593,19.12294379533977,20.918692262119546,22.140597254166327
84.14,15.46777582061491,16.18710455787656,17.52469214547749,19.25128422472696,21.297464976777388,23.48383417620881,24.99198697175333
84.63,13.173533101348598,13.717957926261828,14.71687279106277,15.980709958756169,17.44291647428322,18.968591758305287,19.996195665041945
85.13,14.603816576237069,15.253148634744374,16.454288456543892,17.992601210314337,19.796624081368297,21.70929407283692,23.015608504245208
85.62,13.11523744024542,13.65320952195699,14.63941508598471,15.885759234505208,17.325608687624232,18.824982174328508,19.833558009259395
86.12,13.095288514892315,13.634054752605794,14.621970476863842,15.871354449419025,17.315574891750668,18.81878404348961,19.830975185871267
86.61,15.750897092523,16.49734179838676,17.888293445800343,19.68817863513446,21.830264255184996,24.14268784477747,25.739806037627694
87.11,12.780255440100186,13.297368687520825,14.244578953583233,15.438549204773436,16.814151736401588,18.24526808774656,19.20536128133345
87.6,13.947652900938378,14.549976055933572,15.660821641781984,17.07549038047002,18.724488467255632,20.463731263936825,21.64405117661024
88.09,13.782849497651805,14.371238258051852,15.455177248578622,16.833056643306165,18.436955698275376,20.12348265360692,21.265688023034507
88.59,13.271536376653536,13.820741577879817,14.829242747279032,16.10489649849927,17.580644326350132,19.12184714336433,20.16034886341173
89.03,12.73092141859982,13.24454470176388,14.184796627177818,15.369790651687593,16.734589298351672,18.15312899899075,19.1044530337192
89.53,14.855495324881089,15.526259899470976,16.769183258806205,18.36508932043829,20.244584351679062,22.2400572701045,23.60696487021423
90.07,16.787827498753366,17.61726496460311,19.17138402604291,21.200462196302325,23.63605323459462,26.28729371906442,28.14094055834127
90.57,13.962809947249069,14.563672244525607,15.671296473687946,17.08178608409103,18.72506620628776,20.45527410157558,21.629362692385747
91.06,14.69390450695776,15.351749030965376,16.569587087341073,18.13129668296702,19.965937260069698,21.91062532274367,23.24162197161999
91.56,15.12047477281602,15.812797318751077,17.09822215654762,18.751412465984025,20.702642363541106,22.789715752754017,24.22209437903128
92.05,13.940102239637133,14.543146804068504,15.655495345867203,17.072168653216064,18.72401813717716,20.46796754738677,21.651446265656407
92.54,15.12047477281602,15.812797318751077,17.09822215654762,18.751412465984025,20.702642363541106,22.789715752754017,24.22209437903128
93.04,14.957875357146538,15.63544226133486,16.891938227568208,18.50522934585831,20.40620072636993,22.430618484031875,23.817271248281838
93.53,14.6836018797062,15.343475336198056,16.56600721776098,18.1344649070769,19.977794109347503,21.931705378540883,23.270999960877475
94.03,15.019905122297258,15.70404010456178,16.97344095516137,18.60453504147967,20.528601798940304,22.582464601290205,23.990391993778434
94.52,15.863039801200614,16.61397190599111,18.01387348129757,19.825813088030657,21.97960738018488,24.301107814457485,25.906703221323365
95.02,15.9739084116171,16.73423939642573,18.152277808575068,19.990492817831857,22.177618679677764,24.536142457496915,26.170369145323992
95.51,16.275106050619783,17.0596308995415,18.52518717131835,20.42864870137633,22.70301806312435,25.15799249134388,26.863412413277214
96.01,15.646157915842805,16.37878367992607,17.742955662599044,19.504615026946567,21.59543744449244,23.839892428977503,25.387760525623648
96.5,17.325561487000257,18.201507418286045,19.848561541736853,22.006692532801964,24.613764759337027,27.4729527227034,29.480137904876933
96.99,15.288228834047956,15.995819079644296,17.311428258864076,19.00766582410779,21.012347486544243,23.157737220508498,24.63586170480704
97.49,13.431052709946725,13.995679246896808,15.0338623017906,16.35054606430204,17.877002581518276,19.476381741501896,20.55683608150786
97.98,14.362095716752034,14.99785807723682,16.172987057124185,17.67631300519846,19.439606940608535,21.31017930648319,22.584461993045277
98.6,13.774762786662247,14.36386030350094,15.448951303055807,16.82890121628529,18.435907145855783,20.12660111504888,21.27171900028145
99.11,13.183289857898624,13.727292897121911,14.725367474766164,15.987684981387975,17.447590583563205,18.970632650086507,19.996197461551084
99.52,13.72632121669514,14.310530786678443,15.385961370722146,16.75276141991841,18.34301209200159,20.012728006738456,21.14312278049625
99.93,13.670169509187271,14.250175633432615,15.317290878625345,16.673211387088333,18.24986477187893,19.902430973428785,21.020822167800343
100.34,13.766625787720624,14.35636274228175,15.442635210291494,16.82467717061964,18.43483869037994,20.12973452968102,21.277757339519997
100.78,13.163652940852469,13.708482865506438,14.708288987073216,15.97369326254358,17.438252649740633,18.96646452790975,19.99611680635701
101.25,14.587532269363432,15.239785797456308,16.447544209582055,17.994897623522064,19.810139574921248,21.73967745129097,23.05840007745515
101.71,14.035846656148916,14.644926327908143,15.768772836543969,17.201873925086012,18.87375292329163,20.63524057789258,21.833114228705423
102.18,13.421905385346289,13.987056834117872,15.026408592528396,16.344668085408728,17.873148351604627,19.47600352768965,20.558823763728043
102.65,14.035846656148916,14.644926327908143,15.768772836543969,17.201873925086012,18.87375292329163,20.63524057789258,21.833114228705423
103.11,12.794223060734296,13.313470966315393,14.264680528724211,15.464244506537373,16.846986190259937,18.28706556067945,19.2532193992374
103.6,12.585713182214384,13.09132854501078,14.016232350454883,15.181727232181789,16.523036539586133,17.91078049209657,18.842441056771413
104.1,13.485980863573024,14.054654935989255,15.10060092931798,16.428225610268644,17.968666585283223,19.580698519405136,20.67127600084952
104.6,14.624721003030292,15.278551815419004,16.488946960417408,18.040245296213275,19.86066011460054,21.79301994465941,23.11439885472229
105.1,14.81829014002486,15.487473370082752,16.727578644578866,18.32016909571159,20.19576682917852,22.1847227055404,23.54836892938032
105.6,14.883717229076437,15.558189327666216,16.808565627801762,18.41501504673569,20.30861652102914,22.321599451059715,23.7008047015462
106.1,12.634682849706438,13.143666239044968,14.075117347211668,15.24925418752087,16.601448589883034,18.003617805225268,18.94461785948448
106.6,13.494999760815586,14.063120532442309,15.107720495053632,16.433510137532448,17.97169792792582,19.58091857756869,20.669137949049723
107.1,14.222317293384313,14.844450518530424,15.993021488432625,17.459903703723995,19.17606732972968,20.98491181068074,22.216501981240945
107.6,13.605772316322057,14.182170347756548,15.242450882816346,16.589684064291884,18.15565969665789,19.794005613494157,20.903410035769948
108.1,13.918484644739808,14.518596960304308,15.625132053463776,17.033787891457713,18.67557993698308,20.407121798740256,21.581627826212973
108.6,13.07497874776912,13.614510417561007,14.604388096257802,15.85687870123088,17.305455260395064,18.811892558484907,19.827722261220902
109.1,12.971398747459126,13.503461099046913,14.479162326707495,15.71226673235926,17.13575440724305,18.61639578575728,19.61326177293773
109.6,14.228991076055948,14.850333821946377,15.99719095852373,17.461331247621704,19.17359174683879,20.9787083236747,22.2070510387259
110.1,13.847665006832663,14.439688313047984,15.530790652503866,16.917960238613844,18.53264892380317,20.23116986334512,21.382115905619067
110.6,13.403848943860512,13.966422013302338,15.000700223334896,16.3118965091629,17.83180921228722,19.4246974864858,20.50008655248646
111.6,13.476601783107515,14.04215306061448,15.081631706769471,16.40025824878587,17.929280010491656,19.528899043034208,20.60965356001804
112.1,13.58660361339967,14.160386458246316,15.21539709243318,16.555208394170055,18.111526361594063,19.73969675083257,20.841252767019984
112.6,12.95632324539215,13.4861298953272,14.457371133804962,15.684312061702364,17.099932751797308,18.57277155861928,19.5634256844943
113.1,13.35905426831486,13.91705702606078,14.942657358286295,16.241691999615956,17.746703908457604,19.32249374407994,20.38552722180211
114.1,16.161792178798382,16.93821047049446,18.38775020278096,20.270103257557277,22.51700727624557,24.93790349540704,26.620398653125697
114.6,13.746379186696473,14.333327700467567,15.414175473008584,16.788569723625415,18.38873674128276,20.07084952251822,21.20997513587357
115.1,13.904901127008904,14.501359372683776,15.600777686888144,16.99949760460391,18.62828678665881,20.3427588363974,21.50525711956932
115.6,13.947652900938378,14.549976055933572,15.660821641781984,17.07549038047002,18.724488467255632,20.463731263936825,21.64405117661024
116.1,14.38054815029437,15.01364118357312,16.18398963667979,17.67911059052934,19.430109771063744,21.283999462802587,22.54674910304768
116.6,16.1603235150408,16.933369740670095,18.37563478890785,20.246631851801556,22.47786310688274,24.882384796573543,26.550536324583938
117.1,14.38665435911325,15.018836645241528,16.187471893174376,17.67990994251257,19.426932129011437,21.275439806592125,22.534368347444467
117.6,13.131242471577565,13.671478734213686,14.662137365322476,15.914775074510391,17.362753391103876,18.87125147736007,19.88664951832769
118.1,12.34680437706012,12.835532694749272,13.728645510817826,14.850669312158615,16.13812173376944,17.47235359170886,18.363802329287683
118.6,14.065552228020955,14.67691725064454,15.80504071671306,17.24426823404571,18.92435154506501,20.69314376494979,21.896901809632432
119.1,13.926130133669549,14.525499841356886,15.630589284858754,17.037225124684557,18.67611321610679,20.40300334012304,21.574377343265084
119.6,14.68876617893668,15.34764106687655,16.56778630041089,18.13286608012544,19.97184959799637,21.921221183695856,23.25634015942352
120.1,13.595227637571533,14.168426825957818,15.22221814020554,16.560008279611807,18.113541442413823,19.7392513757778,20.83843416197041
120.6,13.332201685191494,13.888216594822898,14.91001549422581,16.203878890824512,17.702614756774217,19.27151761967854,20.32952232402986
121.1,15.469911496731434,16.187908205626467,17.522619408291924,19.244697144867448,21.28457353675591,23.464797188230957,24.96747874950883
121.6,14.957875357146538,15.63544226133486,16.891938227568208,18.50522934585831,20.40620072636993,22.430618484031875,23.817271248281838
122.1,14.337588698400062,14.970008198065456,16.138806456827474,17.63309863667108,19.38445289140119,21.239262561953176,22.50260471393357
122.6,14.467190474742925,15.108539074971183,16.294851732357138,17.812005180846175,19.59068819680289,21.47869827586731,22.765964197371485
123.1,13.55011476868439,14.122380888308555,15.174778127971033,16.511295118558536,18.063447148581535,19.686550591980712,20.7851528179588
123.6,14.827514655596758,15.494626215759403,16.73022470018032,18.31567794156665,20.18128487342011,22.160797911580747,23.51602786618204
124.1,14.132225500354636,14.74742230678564,15.882551191490212,17.33128305004467,19.02398284087101,20.805395019358347,22.01801204355756
124.59,15.161023707968964,15.853600251137294,17.139211207021102,18.792836170159724,20.743266174158297,22.825943367718185,24.255788465428665
125.07,14.065552228020955,14.67691725064454,15.80504071671306,17.24426823404571,18.92435154506501,20.69314376494979,21.896901809632432
125.56,14.095346618762536,14.708953830572092,15.841467216102496,17.28680263153282,18.97500631868595,20.751464779745344,21.96120511033559
126.04,14.40521889048934,15.041610192021915,16.21842029384209,17.722581963301025,19.48547035031611,21.354510924482582,22.628008715207564
126.52,13.738193340889806,14.325710788322722,15.40776667305043,16.78427220203014,18.387594408597792,20.07361810654576,21.21557906742843
127.01,13.97693168476853,14.581515052841732,15.696634809503768,17.117457294528297,18.77378559250445,20.52061039967113,21.706760031866043
127.52,14.603816576237069,15.253148634744374,16.454288456543892,17.992601210314337,19.796624081368297,21.70929407283692,23.015608504245208
128.05,14.592948814154294,15.244241306262644,16.449785085035494,17.994156177297423,19.805718109129472,21.7295507814293,23.044126345664186
128.59,15.93680496812148,16.69398032358154,18.105905179031947,19.935335639138756,22.111085072878577,24.457384926613024,26.08207354745848
129.12,14.095346618762536,14.708953830572092,15.841467216102496,17.28680263153282,18.97500631868595,20.751464779745344,21.96120511033559
129.65,15.32851980728616,16.03636433690684,17.35150182658199,19.047113690949026,21.051839014072343,23.1939092029578,24.669171050160227
130.19,14.40521889048934,15.041610192021915,16.21842029384209,17.722581963301025,19.48547035031611,21.354510924482582,22.628008715207564
130.73,14.102439330986307,14.715356300712635,15.846049650963437,17.288767344524622,18.97358163652657,20.746710028192783,21.953283021465666
131.28,14.175813609544322,14.791776415559951,15.927968004838602,17.377334189290085,19.07049793779434,20.85380689848972,22.066264493371364
131.83,14.855495324881089,15.526259899470976,16.769183258806205,18.36508932043829,20.244584351679062,22.2400572701045,23.60696487021423
132.93,17.974472984851822,18.90639418636918,20.664657617234557,22.980296131092377,25.79669572640843,28.900763195120224,31.09605653916414
133.48,14.411226887362764,15.046720600235007,16.22182573386452,17.723309407424107,19.48217627549681,21.345548152866684,22.615153113517493
134.08,14.276350695889958,14.903973364094536,16.063482624252842,17.5453812822507,19.28115438587232,21.115070121531996,22.36408039161749
134.71,15.50298245209635,16.225185541139904,17.568501488957946,19.30292354119761,21.35938372033725,23.55807214006732,25.074769688828454
135.34,15.432767628147571,16.149202565381216,17.481072021448508,19.19989437247462,21.23576143160374,23.41036022984502,24.910172462442304
135.97,14.289312922615316,14.915308551895,16.07144868995296,17.547817669267797,19.275501809768063,21.10032105766645,22.34228152609367
136.6,15.25674873774844,15.96017972926674,17.267289798279528,18.95152669258169,20.94072716791275,23.069454118163996,24.53407410794668
137.23,15.50298245209635,16.225185541139904,17.568501488957946,19.30292354119761,21.35938372033725,23.55807214006732,25.074769688828454
137.86,14.986821116968542,15.668164844309445,16.932210949910793,18.55614320863128,20.47126485007209,22.51372788063032,23.91342951092619
138.49,13.467590473610096,14.033639359521684,15.074418616955104,16.394829769299527,17.92602382521757,19.528675623071795,20.61178138922156
139.12,13.34157262016069,13.897104424224867,14.917901579173172,16.21027825615211,17.706797460194494,19.27217153727506,20.327847509164688
139.75,15.790985701511376,16.534112269977886,17.918894599224892,19.709107824001123,21.83494287779949,24.121836870081044,25.701584906493192
140.3,14.624721003030292,15.278551815419004,16.488946960417408,18.040245296213275,19.86066011460054,21.79301994465941,23.11439885472229
141.3,14.319669348468022,14.947987840311056,16.108812270010926,17.59137108176017,19.326805540766784,21.161412774921352,22.410328488058944
141.8,13.577915031672177,14.152187170699465,15.208557812287568,16.550408819341747,18.109494713060087,19.740011757187872,20.84394949961112
142.3,12.583084004044682,13.084283010446766,14.000178004829102,15.152692848952311,16.477075177427384,17.847966979290174,18.76572113154736
142.8,18.020181893011078,18.95634206334042,20.723327354018508,23.05124436169259,25.883938979373543,29.008613774956785,31.21896144520345
143.3,14.123455197719103,14.734099040175426,15.859849670206632,17.294750140250628,18.96925926790256,20.731891780160204,21.929056333534355
143.8,17.793981743853323,18.70917746613277,20.432901909918677,22.70065426575804,25.45283801878745,28.478951836690456,30.61605235667796
144.3,12.930840094328666,13.458777743226872,14.426613524427356,15.648732560591467,17.058247998378107,18.525337482291217,19.511587977511176
144.8,14.473055250007976,15.113413800645032,16.297903506830853,17.812384460238434,19.58713406941196,21.469201992462416,22.75245742442816
145.34,16.86574506311685,17.700287621609526,19.264031944906367,21.30632247030459,23.7604384359286,26.42964484260647,28.29696559798593
145.9,14.259053129167055,14.882745519324288,16.034240327748417,17.50447123561085,19.224445022464067,21.039348280293893,22.274346072833666
146.46,14.319669348468022,14.947987840311056,16.108812270010926,17.59137108176017,19.326805540766784,21.161412774921352,22.410328488058944
147.02,17.974472984851822,18.90639418636918,20.664657617234557,22.980296131092377,25.79669572640843,28.900763195120224,31.09605653916414
147.58,15.647585850880429,16.378733035329695,17.739984677778807,19.49713019531932,21.58133321544165,23.817520046782224,25.359277160485764
148.14,16.706912273614424,17.529132973520174,19.06917033432281,21.0780634823681,23.48686994845025,26.109078265093665,27.9397005635574
148.7,16.544766281269794,17.350944653101898,18.859597356909024,20.82278257964568,23.172658660454378,25.72341988664707,27.49921359731634
149.26,17.368637165549984,18.24851812232892,19.903238320950543,22.07260214095884,24.694055198519308,27.571426785061657,29.592680310871323
149.82,13.97786377723982,14.577237026356809,15.681675675133826,17.087725720528628,18.725205097925937,20.446862431380367,21.614731011971536
150.38,15.576920132025018,16.30225833878618,17.65163072740496,19.392749100707,21.45660705064885,23.667121456439247,25.19024722882852
150.88,15.8272049286545,16.573467552607973,17.964059880497533,19.76277171401834,21.89927912519725,24.198740842238053,25.787952076382176
151.34,15.299752806136135,16.002158253649142,17.306231538303198,18.985867461821236,20.9698050856679,23.087962973045517,24.544308402802194
151.8,19.699762108164883,20.797783982258707,22.88933455835547,25.689543550817152,29.161140666476975,33.07855922020737,35.90976705113358
152.26,19.57396291238805,20.65686900534847,22.71713233649184,25.471199846881923,28.87819341660925,32.715355499321014,35.48084678640742
152.72,13.847665006832663,14.439688313047984,15.530790652503866,16.917960238613844,18.53264892380317,20.23116986334512,21.382115905619067
153.18,15.75376977464606,16.495453240009457,17.87754044620019,19.663877401369376,21.785791136482203,24.06928911309372,25.646125335027943
153.64,14.38665435911325,15.018836645241528,16.187471893174376,17.67990994251257,19.426932129011437,21.275439806592125,22.534368347444467
154.1,14.065552228020955,14.67691725064454,15.80504071671306,17.24426823404571,18.92435154506501,20.69314376494979,21.896901809632432
154.56,16.38720658776033,17.17792784339682,18.656084709818646,20.575535693322298,22.86863522012497,25.349038047526367,27.07146974782438
155.02,17.668432546256028,18.57385915722544,20.2783301139769,22.520023936912008,25.23639355990775,28.22272747578844,30.32992966561975
155.2,7.327289757671362,7.525015139111799,7.87226477441596,8.29000491086291,8.745417538773939,9.190869233312991,9.474962165516231
155.6,7.51005703916515,7.716481355007416,8.07821922391303,8.515365231253211,8.991970858487003,9.45921145989793,9.757363815754733
155.74,5.114892464878056,5.241631364589352,5.457727130411958,5.711736933336095,5.995193444529611,6.263228404323292,6.425929759060969
155.87,7.401760925492063,7.60008396408932,7.954841376535063,8.379318913241635,8.841827580837256,9.293324846660717,9.58362418621065
156.23,14.894575894608378,15.566373468516309,16.811226012938743,18.40873245442646,20.28944312663084,22.28826570016552,23.65642900463519
156.38,6.929836505403909,7.107042038982047,7.42415265742022,7.801203676838881,8.209710053143203,8.610593515457921,8.863854827046794
156.38,6.929836505403909,7.107042038982047,7.42415265742022,7.801203676838881,8.209710053143203,8.610593515457921,8.863854827046794
156.64,14.894575894608378,15.566373468516309,16.811226012938743,18.40873245442646,20.28944312663084,22.28826570016552,23.65642900463519
156.88,7.016713160744867,7.283819460334282,7.7765643957528425,8.399354488385969,9.126376929545534,9.888675890757849,10.408775509256316
157.01,2.749537513235776,2.7974360392360134,2.8827893531108373,2.9776080901144297,3.0797160727914337,3.172231410662515,3.2329631992599475
157.1,3.1583144074198737,3.220223561634191,3.3211182744037373,3.4429091134910847,3.5711989988407518,3.690949580766677,3.76265679922396
157.3,3.094253896856777,3.150920773280097,3.254449858161958,3.3682974856165813,3.4955721716081327,3.610980091731379,3.685605046600676
157.48,3.308349722730434,3.369501035396949,3.4845342597545117,3.6101462048624784,3.7465902414631023,3.875375753114718,3.955667241185929
157.48,3.308349722730434,3.369501035396949,3.4845342597545117,3.6101462048624784,3.7465902414631023,3.875375753114718,3.955667241185929
157.65,6.618779993522699,6.782688157156673,7.077971374415999,7.424814736113755,7.800835296646912,8.167746633694017,8.39952925342125
157.8,2.624919321145403,2.673819460609714,2.75069449719246,2.842594628385847,2.93936626673259,3.027678598823233,3.0830184952235773
157.9,15.540035189930425,16.263845338302296,17.610137856423002,19.34786240935967,21.408063903286354,23.61285419443117,25.13271914820055
158.33,12.68172854572162,13.191943069821027,14.12541729343207,15.301636156101583,16.65573504931861,18.061347254038463,19.003799112916308
158.75,14.065552228020955,14.67691725064454,15.80504071671306,17.24426823404571,18.92435154506501,20.69314376494979,21.896901809632432
159.18,14.028477113256818,14.633052678023228,15.747460663197428,17.167354623902437,18.822608865829626,20.56443196932152,21.746998586928157
159.6,15.331229582371863,16.037794789356813,17.35005620103428,19.041418789038083,21.040669153399467,23.176235187119797,24.64604660405745
160.03,17.442341720080055,18.32498548440716,19.984379725426614,22.16099697198649,24.7897702231768,27.671913485319145,29.69781174119744
160.46,17.19770381987737,18.062005568828763,19.68601945539523,21.81130753184236,24.376000503023405,27.179852568620976,29.14468589510468
160.96,16.507639406233206,17.3123601641786,18.81841400845825,20.77776810180176,23.12389283843273,25.67150529746436,27.4444832579772
161.46,15.828014083862405,16.57268450448992,17.95996288266162,19.754020223439824,21.883984750857365,24.174169807111078,25.75663441552483
161.96,17.631577130124302,18.535593130843004,20.237739612557167,22.476532159663726,25.18836036401812,28.17231826516252,30.27791155135728
162.46,17.240049925877948,18.108217746641586,19.73995472455835,21.876052638266923,24.45478139746477,27.27720180544673,29.25615186691799
162.96,16.9800174850952,17.82121947160772,19.397895101361232,21.456345429661766,23.931481872555494,26.625233908379915,28.508779899125877
163.46,15.19153008453361,15.888103629310365,17.181657866427255,18.84648127687953,20.811347426763515,22.912068971754543,24.35522437424421
163.96,16.16107583772289,16.935804586388528,18.38167207924387,20.25829416046718,22.4973157092634,24.91011021656429,26.585420381364024
164.46,13.440217240072162,14.004328444898483,15.0412336416139,16.35629519024024,17.880692278478936,19.47671790354248,20.554803281797582
164.96,13.467590473610096,14.033639359521684,15.074418616955104,16.394829769299527,17.92602382521757,19.528675623071795,20.61178138922156
165.96,16.27633311463226,17.062652334684262,18.531855913549688,20.44114308336949,22.723899092003805,25.187834859204592,26.9005168567462
166.46,19.08526535032373,20.12412509055893,22.09766487457625,24.72335592789865,27.958767736226086,31.580597654209782,34.173406270972606
166.96,16.31199538128715,17.097990042679434,18.566623771529777,20.473396165246324,22.75123247671515,25.21186651150188,26.920373559020277
167.46,16.86574506311685,17.700287621609526,19.264031944906367,21.30632247030459,23.7604384359286,26.42964484260647,28.29696559798593
168.46,13.449330414588948,14.016499541648498,15.05986392307756,16.383741287460886,17.919054376801718,19.52804462227705,20.615848140808527
168.96,15.5381915382199,16.263387490015262,17.612522792464304,19.3548179038928,21.421545468028565,23.63317104097884,25.158605107504343
169.46,16.703819549988612,17.52398433357343,19.05954955636942,21.06197470744714,23.462389870568305,26.07246935979857,27.89383726510016
169.91,19.25637662019367,20.314531736220538,22.327184121700142,25.01058312093681,28.324841184625317,32.05505710095458,34.73194881830034
170.36,17.712922755996736,18.62248714169256,20.33517821270719,22.58852075948551,25.321034828731243,28.325115457134537,30.446399871824827
170.81,15.086789892242528,15.776365654871126,17.056446052473486,18.702156647919143,20.64426504027969,22.72044832779375,24.144694349248432
171.26,14.393043488543428,15.031369391883686,16.2112866916359,17.72087874987259,19.4919469835664,21.372691146752707,22.654077415203403
171.71,15.397877975052738,16.111434248811136,17.437656749921594,19.148737542543277,21.17424501313173,23.33761539291325,24.8291633096369
172.16,16.01118821106565,16.777993410555997,18.20979639740099,20.0676026860382,22.28015119022295,24.66820810368432,26.326384745355817
172.61,15.500959120461244,16.22449987970753,17.570722484199724,19.309757068588176,21.372721079929835,23.57777863090689,25.099975638207283
173.06,13.672858746428057,14.25667715764208,15.331852296110856,16.699607598775486,18.29232373681709,19.96319875565216,21.09560785353787
173.51,15.154236017644724,15.849338759864814,17.140213533983076,18.800980036954765,20.761454144262043,22.85920582246365,24.29965490853189
173.96,15.045824326379012,15.73512238898022,17.014208735947538,18.659571434977167,20.60316028108542,22.68343408142931,24.109914384310446
174.41,13.74161603506384,14.333255468461386,15.42313434445098,16.811652939272943,18.43150684262708,20.139061684084385,21.29593606997799
174.86,15.6780836035323,16.41832921302352,17.796856559557195,19.58039121454524,21.701902977317207,23.98661860164264,25.56364242538404
175.46,15.36317407964506,16.073832246601256,17.394474041092405,19.09780940198511,21.112947266729357,23.265495828436087,24.74883487182145
176.06,13.55011476868439,14.122380888308555,15.174778127971033,16.511295118558536,18.063447148581535,19.686550591980712,20.7851528179588
176.66,17.46594614185016,18.34497839315283,19.99621943641065,22.16011157482281,24.77098614967125,27.62615788784813,29.631412703098203
177.26,20.481853415209034,21.647598907809314,23.87535951478868,26.872472765106977,30.610650730280607,34.86009054433716,37.94982881412972
177.86,16.69775930717248,17.513865357516885,19.04075922334097,21.030380816110608,23.41379271690188,26.00002430576384,27.803223581014983
178.46,18.9902471479946,20.012677050095675,21.95234085337715,24.527514431087205,27.69012755064946,31.22050620530971,33.74259078243428
179.02,18.466658390459077,19.44097720940901,21.282379734886312,23.718864606295647,26.69413433994197,29.99409043014359,32.340083856709605
179.59,18.6105814993423,19.59879080899476,21.467978125409743,23.94377678078577,26.973372216203188,30.338708964612536,32.73555933555081
180.15,19.572316322664363,20.648118565471904,22.693429141842937,25.42190979628596,28.793230215024664,32.57843175868889,35.30128912759329
180.72,17.609145418094723,18.50527820784327,20.19055113411527,22.403645911262256,25.08167778847781,28.01957863851679,30.088391257152608
181.29,19.750056858914142,20.84601680849036,22.932676040591275,25.721861199598173,29.177492860637354,33.07068407475633,35.878612540680486
181.86,17.83024662304926,18.746828573583304,20.47326623715334,22.74380411173211,25.499146116788463,28.52942859590251,30.668273018765987
182.36,19.294869631686893,20.34735983675914,22.34663545519769,25.010862639613016,28.292709617339337,31.972767851627815,34.6125032079795
182.86,17.22910571514848,18.09240171217657,19.714175005526663,21.835487521379065,24.39250071888948,27.1869964385088,29.144945069953994
183.36,17.067061282349428,17.917780113328106,19.51403126259426,21.600211052590225,24.11263043012212,26.850399304144197,28.76745047257392
183.86,18.037943674792466,18.969414158183053,20.726187262780137,23.038829024255413,25.84739860977697,28.944033879867725,31.131049727386863
184.36,19.750056858914142,20.84601680849036,22.932676040591275,25.721861199598173,29.177492860637354,33.07068407475633,35.878612540680486
184.86,18.33576676229035,19.299620260534173,21.120972442910904,23.528747647287243,26.46509969653422,29.72080970485989,32.03182898086526
185.26,16.197111349640082,16.97164506854696,18.41685031991325,20.29108717764349,22.526028962449544,24.935641139592164,26.60645137238528
185.66,16.462688263229367,17.258099069054662,18.745410873913613,20.677800718950163,22.98652358321333,25.48534644406141,27.22207697459048
186.06,18.778489672471583,19.778517946402246,21.671810300768364,24.179493803427462,27.25074834169591,30.66677556838245,33.1001054769003
186.46,19.81885027830696,20.91673950037795,23.007579990158952,25.800740199189782,29.259175440796906,33.15543553636169,35.96280945556628
186.86,20.448233489237158,21.612954090059805,23.839064114519733,26.83502485843728,30.57186085929629,34.82230307906097,37.91270949752519
187.26,17.947352324822813,18.870620921654336,20.610658492765754,22.899064079828477,25.675882503850108,28.733601702438907,30.890842083121143
187.66,18.4904133902796,19.462868903062603,21.30017163656733,23.72859059056805,26.692791362986128,29.97514479755704,32.30686616111498
188.06,20.596050197107868,21.77386134541972,24.026147997574675,27.058759930761443,30.84770644056392,35.16046449399653,38.301421146025525
188.46,20.00164104820792,21.120085446121674,23.253483823929106,26.11017152997553,29.65602957979578,33.664994609004886,36.56144094713332
188.86,20.42519886347745,21.584986319041818,23.800665469754104,26.780139374479663,30.493365646816493,34.71180110213796,37.77645165214424
189.26,18.267529111815016,19.220583015796297,21.019979352221466,23.395083362171995,26.286304827800056,29.483068668304792,31.748397311866636
189.66,19.536549077374925,20.60425691509617,22.633483080968517,25.33513170873794,28.668251439810582,32.40331516795561,35.085336275898555
190.06,15.03541572158451,15.714759734894823,16.974696246908323,18.591835792937687,20.49544229661077,22.521738160240428,23.909992683270715
190.46,19.24728362067073,20.288120478074976,22.26243277172984,24.88889999537903,28.117406431068776,31.726308438679634,34.309897703678814
190.86,16.73753350416975,17.557188327822253,19.090947096285497,21.090118751146168,23.48647284747747,26.087611802985577,27.90207757562181
191.26,14.872858326930782,15.539431915331702,16.77376139166661,18.355772504031844,20.21533365288883,22.19006626215279,23.54002583655481
191.66,19.838306925114875,20.940586584424807,23.040465832360915,25.847671384140767,29.326605286079563,33.24950829715253,36.07885882987662
192.06,18.267529111815016,19.220583015796297,21.019979352221466,23.395083362171995,26.286304827800056,29.483068668304792,31.748397311866636
192.56,19.227729739734244,20.27115580911788,22.2521194447661,24.888712144193708,28.132238561794093,31.762951746366262,34.36353285171102
193.06,20.82854798600199,22.030757887517733,24.3334191653424,27.43889976030564,31.33174767985377,35.776730338137504,39.02321436538314
193.56,17.30811860858252,18.176542339245465,19.80814735279631,21.943822140920087,24.51832546683496,27.333534270789027,29.307819238951826
194.06,18.396462940635377,19.35985259842807,21.17904862726093,23.58217594706109,26.51115203678914,29.75123014604313,32.050379608265324
194.56,16.010945365868867,16.76792650990876,18.17830773411633,20.004167423330134,22.175778666373827,24.510748597916194,26.12632243916956
195.06,19.12635114701556,20.1597220722516,22.12082389037786,24.727838223273263,27.93147726893254,31.51303040558131,34.07446645747814
195.46,17.26052804320294,18.122723486593248,19.74162236362431,21.859071643998465,24.408927910768167,27.193581894419307,29.1443635270172
195.86,17.68913972914722,18.59073000987076,20.28677421934939,22.51390177743289,25.21089624155024,28.17005174355256,30.254401898827453
196.26,18.514391763198088,19.49331691131418,21.34387528928013,23.79334525488544,26.786601868992665,30.108139585632472,32.47097189204522
196.66,19.227729739734244,20.27115580911788,22.2521194447661,24.888712144193708,28.132238561794093,31.762951746366262,34.36353285171102
197.06,18.729767116085377,19.725205137904045,21.60900982538673,24.10309322002433,27.156289162476167,30.549386028532176,32.96526141606573
197.46,18.95455368697196,19.975871833487684,21.913509202631776,24.48603617874978,27.646643571034257,31.17359036137863,33.69431459619883
197.86,19.67775910807967,20.764110124207686,22.83103591403836,25.590437822906857,29.00456117015239,32.84368442059122,35.60837637716382
198.26,18.87674644316036,19.88602620383196,21.79841895505302,24.33375984184106,27.441776135567384,30.904176110593173,33.372807632592405
198.66,20.56270339188684,21.739524593557565,23.98997871830675,27.02168984359973,30.80934008498092,35.123419999228084,38.26564417912814
199.06,18.419166258709843,19.38891902019652,21.22126016017492,23.64486850408151,26.60224714881522,29.880816830025196,32.21010005419496
199.46,18.175099142073705,19.1193948835483,20.9016088737233,23.25142906776822,26.109011787908752,29.265208808974272,31.49850216195549
199.86,18.9902471479946,20.012677050095675,21.95234085337715,24.527514431087205,27.69012755064946,31.22050620530971,33.74259078243428
200.21,16.814005628363418,17.63868787841705,19.182237869146896,21.194078088504885,23.607462007587515,26.22729849947849,28.055208353317344
200.56,19.41554883106216,20.48247652139287,22.510742356693264,25.21830886767424,28.560397164107894,32.31796481648202,35.01946155330533
201.26,22.171961318219644,23.52284713547822,26.132048499473434,29.698380150702796,34.24496309839075,39.54495435658849,43.49026625986935
201.61,21.160635167972547,22.39442574689448,24.762593047409062,27.965733406801156,31.99137417781396,36.61146128974232,39.99474775595074
201.96,25.71880237952656,27.47413395211906,30.932952989123827,35.80933377321465,42.27872474002163,50.19832625994708,56.34208134830464
202.37,20.9736472064182,22.19367778559144,24.533699544665183,27.69532196226816,31.667457053684107,36.217383984126485,39.548718025939785
202.79,20.11168394076012,21.241341503175043,23.39746204310089,26.288056127456528,29.879873194063133,33.94743681157137,36.89013134469791
203.2,19.192343390757355,20.234595959788408,22.213899462307836,24.84787554951693,28.08907051462678,31.71834219628374,34.3172975162688
203.62,19.927164446914883,21.03558944915291,23.14806793425649,25.973780337875915,29.475918030905824,33.428769616228806,36.28004428803092
204.04,19.946962018021267,21.059935811418963,23.18207781170764,26.022109323351444,29.545373061742165,33.52537133901188,36.39923033130633
204.46,21.653080800159035,22.9406669624248,25.41787744732189,28.78564861810747,33.04224895777823,37.96013837393843,41.58790218733959
204.92,20.11168394076012,21.241341503175043,23.39746204310089,26.288056127456528,29.879873194063133,33.94743681157137,36.89013134469791
205.39,21.90923458264479,23.23085349816588,25.77874445245281,29.2547019817574,33.669611087657074,38.79827612529661,42.60113011485746
205.86,19.12635114701556,20.1597220722516,22.12082389037786,24.727838223273263,27.93147726893254,31.51303040558131,34.07446645747814
206.32,18.56239251720333,19.54594648468001,21.40574293786786,23.868320447362105,26.87967957212321,30.22301078304494,32.602819582375886
206.79,19.02590683815931,20.04942542764739,21.99086041420119,24.56877579186989,27.73351183870981,31.266828409351657,33.79032828409615
207.26,18.303407200986832,19.25784396135349,21.05930602879486,23.437210817979874,26.331721234245396,29.53066055742282,31.7977769119096
207.67,19.433422802538928,20.497504933961395,22.51927160502518,25.215851510361546,28.54206749864617,32.274099685050544,34.9555315634309
208.09,17.14030470008573,17.99375515585837,19.595548221587784,21.68829285601807,24.20712832249621,26.954612129189464,28.87709969586385
208.5,18.778489672471583,19.778517946402246,21.671810300768364,24.179493803427462,27.25074834169591,30.66677556838245,33.1001054769003
208.92,18.037943674792466,18.969414158183053,20.726187262780137,23.038829024255413,25.84739860977697,28.944033879867725,31.131049727386863
209.34,19.590487122292647,20.670396512407528,22.724101427683312,25.466165145673013,28.85669085493608,32.66778774706383,35.41161067731106
209.76,18.04719777591964,18.981608766906767,20.74476447698209,23.066511031401102,25.888343984351224,29.00113037032597,31.20099350885768
210.22,17.459563425596496,18.33617018399854,19.982274592822986,22.138112899848924,24.738212891238856,27.579254982628697,29.573446143298398
210.68,18.91239902451976,19.922730492033704,21.836928945189538,24.37507916538491,27.485299924573148,30.95055962302431,33.42042216057576
211.14,18.620498595651352,19.603393207981703,21.461883856268503,23.91851168613997,26.9209195417755,30.24923135299542,32.61522317222709
211.6,15.867253851338525,16.608696441112617,17.988543840442667,19.77159327926389,21.886368318229035,24.15379751364984,25.719091968701985
212.06,18.02000903836541,18.94560284368811,20.68942594185533,22.98430736194528,25.76711069036656,28.831648679757407,30.99315131565169
212.52,19.46804895709784,20.53338369986688,22.557412254203165,25.25577194542558,28.58454268213069,32.31726656106337,34.9989693949418
212.98,19.00471766553968,20.030884695851,21.978514454784005,24.565461101817235,27.74541557136927,31.296818074500276,33.836069468974515
213.44,20.291049106926646,21.434240656020982,23.615558020607708,26.54422229725151,30.185875281722502,34.31361413950833,37.30420842129917
213.9,14.118096668049152,14.734761983107283,15.87356496992784,17.327701982184195,19.02749478699599,20.815181703795403,22.03414108824937
214.36,18.890620135936786,19.903522789210143,21.823512173175946,24.370208344723984,27.494766900228868,30.97743547301899,33.462887271696644
215.64,20.57194721907681,21.744722951499345,23.98672923982216,27.00234531844575,30.76697703127364,35.04688060434691,38.16092417057415
216.28,17.849073183552907,18.761471088618578,20.479345362994493,22.735389378264728,25.46870240448547,28.472758900477427,30.58872080190265
216.92,16.38423747378326,17.171207613486704,18.64138064106313,20.549565725761788,22.82633608869036,25.286697011780536,26.99407274608929
218.2,16.770689403321303,17.58977205592801,19.1222615666733,21.117871519371377,23.50957970112308,26.10272310475872,27.910385204210307
218.84,16.734355189082212,17.55194955051852,19.081540492453485,21.074199703280105,23.46188863925771,26.051415324801425,27.856844318706145
219.48,17.813181973546875,18.7243004228862,20.43954845878343,22.692504035303926,25.42292817826644,28.42323976794696,30.53727825042596
220.12,20.51512415345337,21.681944861078858,23.911636910907344,26.90960881662263,30.64909632638018,34.897703382028226,37.98653981514288
220.76,21.160635167972547,22.39442574689448,24.762593047409062,27.965733406801156,31.99137417781396,36.61146128974232,39.99474775595074
221.19,20.380172998926582,21.530337658020755,23.72522559270686,26.67204173235228,30.33931877043117,34.496180428621464,37.5108817745292
221.62,19.231979045222356,20.269014952235903,22.234874515571803,24.848999634095893,28.06034233591635,31.64666413621626,34.212269685774885
222.05,20.235753108764413,21.373111057439715,23.542654926289995,26.454258936896167,30.07215309588501,34.17055435089357,37.1371699294456
222.48,18.59792170025361,19.58282243260806,21.445169162943863,23.910096020455757,26.92472850003971,30.27016279719549,32.65092590934344
222.91,19.927164446914883,21.03558944915291,23.14806793425649,25.973780337875915,29.475918030905824,33.428769616228806,36.28004428803092
223.34,19.31378791265186,20.36357311663413,22.35641265913586,25.0101803551757,28.27651022574121,31.93315508231773,34.55470705612842
223.77,18.257219695946915,19.20722284628027,20.999952394143804,23.365289106899617,26.242839490986626,29.421556512463564,31.67286566328367
224.2,18.396462940635377,19.35985259842807,21.17904862726093,23.58217594706109,26.51115203678914,29.75123014604313,32.050379608265324
224.63,18.620498595651352,19.603393207981703,21.461883856268503,23.91851168613997,26.9209195417755,30.24923135299542,32.61522317222709
225.06,19.5200468691506,20.59059995289868,22.625217083233853,25.33855556434071,28.68855835305313,32.44731111207328,35.14949318147347
225.53,19.348552120547208,20.39958238376375,22.394566490488813,25.050175547456146,28.319089828688465,31.97680194924761,34.59912500612193
226.0,18.63323430021894,19.61943050031736,21.484455109101027,23.95177276394165,26.969294508295967,30.317194341802097,32.69892197638133
226.47,19.5200468691506,20.59059995289868,22.625217083233853,25.33855556434071,28.68855835305313,32.44731111207328,35.14949318147347
226.94,20.31279325285376,21.46077182692773,23.65268800549876,26.597094782484547,30.26132781828764,34.41888497991838,37.433851387020646
227.41,20.31279325285376,21.46077182692773,23.65268800549876,26.597094782484547,30.26132781828764,34.41888497991838,37.433851387020646
227.88,18.87674644316036,19.88602620383196,21.79841895505302,24.33375984184106,27.441776135567384,30.904176110593173,33.372807632592405
228.35,19.12635114701556,20.1597220722516,22.12082389037786,24.727838223273263,27.93147726893254,31.51303040558131,34.07446645747814
228.82,22.946178591682845,24.37515582180272,27.145114996596305,30.954950503733805,35.84328646952906,41.59683256039728,45.911304927977085
229.29,18.083474153645984,19.01915585833085,20.78437401110581,23.109292190468803,25.93402726317456,29.050388519970998,31.25260370319044
229.76,20.946995663931425,22.161496265071428,24.489893452908625,27.6332378529567,31.57864686075591,36.09273303917019,39.393758332177
230.36,18.44332062790983,19.411245871627823,21.239445322368,23.6551856392661,26.60169556192489,29.86279437822935,32.1781980997831
230.96,17.938527147647296,18.858916042818866,20.592955370614856,22.872586106505285,25.636667693096484,28.678839806792848,30.823590405759056
231.56,19.097044937448,20.122864553001907,22.06707615654202,24.65046312138704,27.81998548080099,31.357717933354134,33.88404725694852
232.16,19.212238988096946,20.251814386672446,22.224414541373243,24.848648703358045,28.074557853267613,31.682128208043757,34.264490769097215
232.76,20.201517326196587,21.33784280080087,23.50644521481431,26.416223282140525,30.03267313952947,34.13075242940051,37.09729052702325
233.36,17.551435128770834,18.4384035537742,20.10527350387525,22.290788016326985,24.93127847710909,27.821336938935456,29.85310652291201
233.96,19.06150484290883,20.08617193544592,22.029090140305776,24.60977506462377,27.7768009974366,31.31255628951531,33.8374852756588
234.56,19.41710688196083,20.47066280347149,22.47097138691853,25.129387353490717,28.403180522699135,32.06378970238988,34.6870943616242
235.16,18.65547549594688,19.63960076054007,21.50087461182331,23.960109992293493,26.964858581637777,30.295996076563657,32.66309840784974
235.76,21.127366374144376,22.360552880895412,24.728154817944468,27.930052483927994,31.956170095537303,36.57697593662277,39.96254905536584
236.3,18.87674644316036,19.88602620383196,21.79841895505302,24.33375984184106,27.441776135567384,30.904176110593173,33.372807632592405
236.75,17.537628972625594,18.41959275360897,20.0765729211354,22.245623057227068,24.863841559012915,27.72529289767747,29.73434712470487
237.2,17.804759063251332,18.713152780093477,20.42297412853451,22.667386932344776,25.38560002220733,28.37077763104572,30.47263746701084
237.65,18.06521750378217,18.99494874632999,20.746918444616718,23.05381515494046,25.85251962745945,28.93616481039749,31.11256191702387
238.1,16.382884966748595,17.16799438523047,18.634053489548396,20.53671325592712,22.80553484887936,25.25612837088143,26.95603430060795
238.55,18.339070505360866,19.29486045994389,21.09864785143132,23.479014558133755,26.3768519296406,29.578038990333656,31.84671821141718
239.0,17.08932560170328,17.93462769491818,19.51937200207014,21.587719512984467,24.072846385914623,26.77991684859146,28.671060621792044
239.45,17.172133109137622,18.024556186455563,19.623497477846566,21.71262788104001,24.224640421178023,26.963761354046675,28.879308947010177
239.9,18.21122217791273,19.156809360584997,20.940897755573666,23.29375672546555,26.15452210756316,29.313237233885104,31.54880182163814
240.0,12.966745963412672,13.496223803292414,14.466521490145263,15.692153415390123,17.1061797106579,18.57684631363171,19.5657482842238
240.17,20.201517326196587,21.33784280080087,23.50644521481431,26.416223282140525,30.03267313952947,34.13075242940051,37.09729052702325
240.5,12.741796487421912,13.255159367705868,14.194880489033158,15.37882838503762,16.741920087222407,18.158029509099794,19.107731763857064
241.5,11.217044479069136,11.63114592791674,12.382615558422469,13.317903973268235,14.378594310532732,15.461046454575657,16.177554401150047
242.3,12.26597853760136,12.748141146012577,13.628359784855002,14.733443764283653,16.000277300738215,17.310438146759726,18.18538607704132
242.8,11.777410195950036,12.226482613792406,13.04365736242667,14.065286430800716,15.23041475822937,16.427804779891396,17.22394845703205
243.3,12.41753623454236,12.913382026455478,13.820089709411942,14.960612663904424,16.270386420294376,17.62927798942292,18.53849620748655
243.8,11.504172380543014,11.94723750416319,12.74952652918762,13.755379422180267,14.902910098295246,16.088691376233704,16.87349725514082
244.2,13.766625787720624,14.35636274228175,15.442635210291494,16.82467717061964,18.43483869037994,20.12973452968102,21.277757339519997
244.6,13.91079666765401,14.511629451020692,15.619582931977275,17.030223886076097,18.67493569698889,20.41124192235277,21.588892193587487
245.2,13.403486253297274,13.969709923251818,15.011235836989172,16.332397023368333,17.864951626043926,19.47511875913716,20.56265205509009
245.8,13.787103795962294,14.3797033251771,15.471386182741702,16.86107321342677,18.481262104886422,20.18928582483691,21.346309245520708
246.3,14.252542543588527,14.877025023007723,16.030162389740795,17.503156686417324,19.227093494381844,21.04616695671773,22.28452007490097
246.8,15.575253631432531,16.30198952694391,17.654217378966838,19.399844055758518,21.470227806166385,23.68806796412604,25.216784346012663
247.3,15.576920132025018,16.30225833878618,17.65163072740496,19.392749100707,21.45660705064885,23.667121456439247,25.19024722882852
247.8,16.04860999222649,16.815323310657334,18.24576763308577,20.10155934884667,22.31237981466372,24.695082444844196,26.348461724418264
248.3,15.575253631432531,16.30198952694391,17.654217378966838,19.399844055758518,21.470227806166385,23.68806796412604,25.216784346012663
248.8,15.333905698259848,16.039182190787674,17.348670008732995,19.03580752372476,21.029628623513847,23.15856815496452,24.622963756942763
249.2,15.789213515844391,16.535529134808716,17.926653938878403,19.72596436513393,21.86501167995668,24.170912275448345,25.764151374714874
249.7,15.899025481508042,16.656308881114832,18.069316537368824,19.899596421646127,22.07704844953523,24.430442960459096,26.05972868575305
250.2,16.666648979281753,17.48534541424856,19.01849149513752,21.017289342566716,23.41319401453196,26.020738566609047,27.839862331091325
250.7,15.752770937221957,16.496030561301342,17.881154379691978,19.672015913304445,21.80059111644848,24.093527735235405,25.677044397669192
251.2,15.395409568048462,16.110262639066086,17.4394506262168,19.155008857408244,21.18651273671644,23.355824469940163,24.85283280953856
251.7,17.171538449398497,18.039334757168078,19.66947466036496,21.8065795451059,24.390618222453213,27.21747735502372,29.199725535432965
252.4,17.50612207576895,18.40051707518025,20.084280282804283,22.296101246047822,24.972292232766552,27.91959216855123,29.995219635988885
252.9,15.01607489337287,15.701414481799311,16.972947942429673,18.607582176160125,20.536935584222636,22.598063890743227,24.011028690401
255.5,10.584274185548455,10.963962657252258,11.65161929031851,12.504019168343037,13.46662995843172,14.444618389568085,15.09020368529854
