sample,depth_cm,age_yBP,Ni,Co,Cu,Cr,V,Zn
D-57,0.18,16.5,4.04995,0.355535,1.0408,3.05452,0.0375784,
D-56,0.3,18,3.9757,0.329038,1.04754,2.4569,0.0356161,0.621492
D-55,0.42,19,3.81341,0.344781,1.36417,2.1751,0.0252593,18.1642
D-54,0.54,20,4.18684,0.366656,1.35444,1.88202,0.0116701,4.29429
D-53,0.66,21,4.02844,0.333322,1.34635,1.51114,0.0144641,26.2371
D-52,0.78,23,3.57385,0.308717,1.15173,0.627284,0.0039743,13.2855
D-51,0.9,25,3.84516,0.329525,1.04635,0.76644,0.00794337,40.3856
D-50,1.02,26,4.05852,0.305386,1.46668,0.744,0.0192731,35.3847
D-49,1.14,28,4.05176,0.333939,1.13332,1.69072,0.0261402,57.8295
D-48,1.26,31,3.81367,0.34623,0.939802,0.49368,0.0288141,9.25163
D-47,1.38,33,3.51405,0.341563,1.09662,0.701556,0.0167977,30.1435
D-46,1.5,35,3.6923,0.312512,0.948792,0.681414,0.0188618,6.99986
D-45,1.62,37,3.50101,0.30974,2.20391,0.763999,0.00501025,5.6124
D-44,1.74,39,3.35667,0.304337,1.08529,0.560844,0.0374589,7.20618
D-43,1.86,40,3.57818,0.308178,1.08761,0.74437,0.0630294,38.2038
D-42,1.98,42,3.4302,0.337202,1.02039,17.8049,0.114213,21.1287
D-40,2.1,44,3.34967,0.31516,1.68656,0.752159,0.127229,29.2174
D-39,2.34,46,3.16925,0.315881,1.60364,0.506958,0.320454,12.6956
D-38,2.46,48,3.32768,0.308609,0.981099,0.432749,0.121601,11.0789
D-37,2.58,50,3.27211,0.295526,0.761864,0.582608,0.101564,20.7422
D-36,2.7,52,3.14794,0.31154,1.18526,0.66297,0.108581,30.5318
D-34,2.94,56,2.96129,0.301682,1.05007,0.44452,0.0813246,9.7759
D-33,3.06,60,3.37191,0.319151,1.68722,0.704961,0.0815443,34.9984
D-32,3.18,62,3.03656,0.301392,1.32953,0.444953,0.0625616,22.6777
D-31,3.3,64,3.04398,0.292719,1.12972,0.357372,0.0932563,42.0675
D-30,3.42,65,3.12864,0.306085,1.6436,0.402334,0.120756,29.2332
D-29,3.54,67,3.11272,0.298559,1.05536,0.394392,0.078296,15.4959
D-28,3.66,69,2.84556,0.269205,0.941266,0.397063,0.0240079,18.6837
D-27,3.78,71,,,,,,
D-26,3.9,74,2.70525,0.301641,1.21593,0.384591,0.0977108,20.646
D-25,4.02,76,2.87593,0.282678,1.75192,0.677488,0.036066,7.34514
D-24,4.14,78,2.94076,0.294955,1.04041,0.746266,0.07579,10.261
D-23,4.26,80,3.10091,0.312706,1.16787,0.915282,0.126506,16.5004
D-22,4.38,82,3.2584,0.309652,1.17091,1.00864,0.0675099,20.8439
D-21,4.5,83,3.4541,0.303552,1.21198,0.714593,0.0663814,8.50517
D-20,4.62,85,3.97936,0.300915,1.80882,0.937322,0.0879786,5.26185
D-19,4.74,87,3.73747,0.337154,1.08054,1.04813,0.0816173,7.53552
D-18,4.86,89,3.33388,0.324034,1.06049,1.24878,0.071968,7.59398
D-17,4.98,91,3.38468,0.340291,1.76238,1.11735,0.204255,31.5401
D-16,5.1,94,3.10086,0.327581,1.15839,0.726625,0.0450505,38.985
D-15,5.22,97,3.40622,0.303771,1.17153,0.973836,0.0526382,18.9627
D-14,5.34,100,3.40679,0.358351,1.36472,0.886385,0.0410175,30.7064
D-13,5.46,103,3.63894,0.340244,1.25144,1.20236,0.0432461,18.5736
D-12,5.58,106,3.47071,0.3028,1.37175,1.03569,0.0370412,44.7184
D-11,5.7,108,3.3961,0.32697,0.945839,0.644561,0.0346783,10.5844
D-9,5.94,111,4.40393,0.37918,2.7099,2.51271,0.00951371,133.385
D-8,6.06,114,3.68638,0.36105,1.93127,1.07443,0.0647522,28.4839
D-7,6.18,117,2.7362,0.353735,2.0185,0.411558,0.00877665,78.5396
D-6,6.3,119,3.65138,0.364401,1.41306,0.640706,0.0607951,36.4019
D-5,6.42,121,3.36156,0.334214,1.66316,0.558837,0.323818,16.603
D-4,6.54,124,3.38292,0.326282,1.39213,0.849253,0.0285605,16.6074
D-3,6.66,127,3.4628,0.294045,0.868582,0.622539,0.0475305,22.4199
D-2,6.78,129,3.33433,0.343536,1.1368,0.47053,0.129322,52.9564
D-1,6.9,133,3.41058,0.3637,1.61415,0.755622,0.202023,20.0328
C-992,7.09889,,10.1111,0.467077,3.14611,0.631728,0.347984,39.9659
C-987,8.08784,136,3.66416,0.409075,0.505642,0.48345,0.194412,6.4581
C-982,9.0768,155,4.12129,0.421731,1.20557,0.610494,0.208657,15.2809
C-977,9.83783,172,3.41372,0.388629,0.681201,0.465731,0.123481,6.20895
C-972,10.4478,190,3.74426,0.398797,1.06612,0.621721,0.183343,13.5097
C-967,11.0577,204,3.52666,0.412659,0.650149,0.50704,0.346889,8.55603
C-962,11.6676,217,3.39498,0.414676,0.82773,0.461864,0.380486,6.90179
C-957,12.2776,231,4.53516,0.403111,0.969243,0.454913,0.501916,8.34092
C-952,12.8875,244,3.36339,0.405704,0.556813,0.532389,0.655224,7.61109
C-947,13.4966,257,3.33372,0.410293,0.717555,0.573428,0.618073,12.9949
C-942,14.1066,275,3.51804,0.421377,0.960434,0.441719,0.671043,26.001
C-937,14.7166,293,3.30062,0.432667,0.818915,0.522807,0.36812,8.92801
C-932,15.3267,304,3.49296,0.493259,0.993764,0.569166,0.53818,12.0693
C-927,15.9367,324,3.3078,0.468243,0.901498,0.652562,0.367258,9.66511
C-922,16.5467,339,3.2067,0.397602,0.271824,0.463321,0.487276,7.56723
C-917,17.1566,350,3.55266,0.4882,0.48058,0.479073,0.333156,13.0388
C-912,17.7665,358,3.16679,0.399782,0.545351,0.469567,0.34476,13.5214
C-907,18.3763,370,3.35858,0.425884,1.0903,0.475525,0.289565,31.1094
C-902,18.9862,383,3.30259,0.450942,1.02689,0.441107,0.323573,17.1627
C-897,19.596,395,4.81215,0.394551,1.00991,0.333546,0.224863,15.6488
C-892,20.2059,405,4.72101,0.42074,1.08094,0.491987,0.329463,16.1881
C-887,20.8157,420,4.86022,0.438762,0.727099,0.425514,0.309805,9.03546
C-882,21.4256,429,4.73931,0.450353,0.719069,0.408802,0.242024,11.2965
C-877,22.0354,440,4.89605,0.443985,0.938683,0.403417,0.283138,14.9632
C-872,22.6453,453,5.62202,0.457765,1.28179,0.56988,0.308507,14.1374
C-867,23.2551,468,6.74774,0.74611,1.37579,0.624917,0.273534,15.4541
C-862,23.865,483,4.88893,0.426459,1.08724,0.432529,0.390007,18.7815
C-857,24.4748,496,5.29798,0.417952,1.00408,0.486013,0.300572,12.9606
C-852,25.0847,507,5.13707,0.587044,1.25276,0.639493,0.321772,10.8486
C-847,25.6945,519,5.36856,0.481642,1.22416,0.406579,0.184668,19.457
C-842,26.3044,532,5.01977,0.437521,0.864602,0.484928,0.192116,11.6408
C-837,26.9143,545,5.09779,0.433447,0.998005,0.410929,0.384944,33.6354
C-832,27.5241,563,5.80315,0.483719,1.92809,0.553352,0.43827,14.4542
C-827,28.1043,575,5.22132,0.453067,0.668391,0.431841,0.324121,20.0325
C-822,28.6647,584,4.42677,0.348637,0.678281,0.489727,0.243012,8.90505
C-817,29.2251,597,4.28384,0.372377,0.662313,0.454304,0.173312,6.95559
C-812,29.7855,615,4.99646,0.397275,0.88019,0.597746,0.459291,12.859
C-807,30.3459,627,4.86286,0.383345,0.711924,0.482932,0.505104,19.0674
C-802,30.9063,641,4.75822,0.376761,0.911176,0.557258,0.524422,25.9299
C-797,31.4964,657,4.49916,0.391445,0.627982,0.390625,0.588209,9.81667
C-792,32.1062,678,4.65445,0.368746,0.649001,0.47683,0.468699,11.1023
C-787,32.7161,691,4.92008,0.375759,0.768488,0.536499,0.234849,8.88444
C-782,33.326,703,5.03209,0.439995,1.04609,0.634966,0.328024,11.4621
C-777,33.9358,719,5.156,0.43129,1.3418,0.709937,0.27561,17.7936
C-772,34.5457,741,4.76237,0.417818,0.930183,0.651325,0.577213,16.5096
C-767,35.0765,755,4.78885,0.384338,0.700812,0.420303,0.294383,10.577
C-762,35.5545,768,4.77637,0.37827,0.659911,0.469316,0.278385,14.4987
C-757,36.0325,783,4.94593,0.899636,0.787495,0.513009,0.337652,16.4506
C-752,36.5105,799,4.61729,0.405137,1.57543,0.561751,0.337493,27.1049
C-747,36.9884,815,4.62652,0.437702,0.753665,0.502362,0.212931,16.701
C-742,37.4664,830,4.70293,0.399351,2.74868,0.543531,0.26128,12.3289
C-737,38.0806,852,4.41012,0.3952,0.666361,0.52757,0.378427,7.82516
C-732,38.5806,869,4.49238,0.418609,0.905355,0.630682,0.861099,15.9462
C-727,39.1575,887,5.01564,0.431388,0.983961,0.726518,0.804961,16.1317
C-722,39.7344,908,4.20284,0.42024,0.94201,0.509075,0.435664,10.392
C-717,40.3113,926,5.00098,0.464915,1.90538,0.653239,0.415835,23.9131
C-712,40.8882,951,4.8767,0.537174,1.17281,0.669345,0.54393,15.3226
C-707,41.2278,961,4.96236,0.537298,3.46818,0.700135,0.363341,11.2669
C-702,41.4091,965,4.52518,0.481049,1.21658,0.683985,0.559811,13.7216
C-698,41.5542,969,4.54488,0.482654,0.95513,0.554207,0.796272,13.0448
C-694+693,41.7174,974,4.26785,0.38798,0.980531,0.565043,0.577163,11.4051
C-690+689,41.8624,980,4.5509,0.394207,1.37063,0.696945,0.486447,14.9355
C-685,42.0256,990,4.57439,0.427891,0.982878,0.628587,0.591514,15.6349
C-680,42.2069,998,4.83622,0.416862,1.59458,0.699625,0.583732,17.0929
C-675+674+676,42.3882,1004,4.62112,0.63407,1.1651,0.707587,0.389297,8.61314
C-669+668,42.5876,1010,5.83766,0.473322,1.63043,0.799725,0.425183,13.7321
C-663+662,42.8414,1017,5.33755,0.634587,1.92828,1.00359,0.544182,16.7702
C-659+658,42.9865,1022,4.46465,0.406429,0.90845,0.588989,0.16115,6.81987
C-654,43.1496,1030,4.17536,0.439502,0.853346,0.479874,0.190692,5.01967
C-649+648+647,43.4001,1037,4.87862,0.413322,1.05705,0.59171,0.261629,13.4604
C-643,43.6638,1041,4.27946,0.41356,0.570387,0.474874,0.105943,4.12958
C-637,43.9803,1049,4.96842,0.50715,1.14064,0.704201,0.358486,5.90351
C-632,44.244,1055,5.2202,0.407147,0.91363,0.624511,0.62906,9.28335
C-627,44.5078,1065,5.30638,0.531194,1.15265,0.599105,0.258179,6.80651
C-622,44.7715,1073,4.87459,0.567105,1.00876,0.651044,0.40744,6.39813
C-617,44.9858,1079,4.11894,0.412067,0.471963,0.412476,0.224967,2.76261
C-612,45.1671,1086,5.82113,0.410703,1.06674,0.479725,0.242909,10.2006
C-607,45.3484,1091,4.236,0.466963,0.793227,0.481948,0.182713,9.37584
C-602,45.5297,1096,4.7133,0.425134,0.964265,0.832032,0.400929,8.86517
C-597,45.711,1103,5.17577,0.531799,1.50573,0.574327,0.714951,30.9022
C-592,45.8923,1108,5.68109,0.491307,2.24141,0.767037,0.669372,14.0541
C-587,46.1725,1116,5.1157,0.345229,1.07241,0.448682,0.25701,11.7505
C-582,46.5187,1125,5.17246,0.404709,0.98821,0.535758,0.361519,8.38143
C-577,46.8648,1133,4.86847,0.386862,0.965158,0.542687,0.387041,10.4331
C-572,47.2109,1144,4.83653,0.394731,2.00975,0.506206,0.333581,8.7719
C-567,47.5374,1153,5.23322,0.366681,1.10047,0.469389,0.457088,15.4636
C-562,47.8505,1161,5.1814,0.403368,1.0312,0.597017,0.367317,17.6491
C-557,48.1637,1169,4.8574,0.381077,0.982288,0.527876,0.209931,9.7993
C-552,48.4768,1179,5.10191,0.372227,1.1518,0.553879,0.253571,12.1718
C-547,48.79,1189,4.41061,0.355609,1.26507,0.435518,0.352792,8.76424
C-542,49.1031,1199,4.7522,0.405932,0.612013,0.445671,0.28285,4.33459
C-537,49.5053,1209,4.51441,0.350051,0.782338,0.424893,0.246677,9.11656
C-532,49.9668,1219,4.98431,0.394069,0.807675,0.533329,0.284218,9.30892
C-527,50.4283,1233,4.39744,0.364153,0.651057,0.386111,0.294026,5.8489
C-522,50.8898,1245,4.66466,0.389237,1.19865,0.419782,0.388554,8.67397
C-517,51.3514,1257,4.36031,0.366107,0.742421,0.294208,0.294578,6.2118
C-512,51.8129,1268,4.48949,0.366414,0.76922,0.476888,0.299706,4.50578
C-507,52.225,1281,4.32584,0.404127,0.759492,0.433318,0.340794,13.4623
C-502,52.6041,1289,4.62009,0.366933,0.705833,0.441989,0.394888,5.92545
C-497,52.9832,1295,4.54188,0.349195,0.757076,0.480002,0.261655,5.91591
C-492,53.3623,1302,4.72724,0.403955,0.653343,0.446058,0.127869,6.09335
C-487,53.7414,1315,4.53277,0.365164,0.709489,0.449966,0.292369,12.524
C-482,54.1204,1328,6.3578,0.396227,1.58667,0.571715,0.370775,30.02
C-477,54.5688,1342,4.60783,0.399987,0.56673,0.569306,0.18955,3.03518
C-472,55.0632,1361,4.16576,0.361345,0.816064,0.515565,0.427878,6.97356
C-467,55.5577,1382,4.57952,0.395735,0.761894,0.465279,0.269182,8.97885
C-462,56.0522,1399,3.93108,0.355899,0.434009,0.38172,0.260456,5.77526
C-457,56.5467,1420,4.32224,0.374831,0.71721,0.469988,0.704908,6.59127
C-452,57.0412,1440,3.9439,0.363924,2.45669,0.421304,0.545116,7.44964
C-447,57.4466,1452,4.05796,0.380014,1.57772,0.490412,0.512052,9.24378
C-442,57.7928,1469,4.08903,0.362674,0.80941,0.479182,0.473921,6.98827
C-437,58.1389,1481,4.04379,0.408396,0.812657,0.500725,0.65875,9.65082
C-432,58.485,1492,3.88036,0.371295,0.887078,0.439703,0.442883,9.02174
C-427,58.8312,1501,4.28202,0.356735,0.720002,0.442757,0.746839,10.6148
C-422,59.1773,1511,4.07981,0.384975,1.3866,0.641593,0.433733,7.66235
C-417,59.5234,1521,3.93486,0.384929,1.40617,0.426283,0.528864,13.1036
C-412,59.8696,1531,3.78339,0.389953,1.06956,0.55019,0.725563,14.8306
C-407,60.2157,1543,3.88726,0.388271,0.88452,0.624504,0.620159,10.5309
C-402,60.5618,1554,3.95151,0.358577,0.713451,0.608522,0.868094,10.7482
C-397,60.908,1566,3.95149,0.448755,0.765492,0.457372,0.364631,10.6882
C-392,61.2541,1573,3.62725,0.345638,0.692239,0.388581,0.301312,4.43262
C-387,61.6496,1582,3.83471,0.351542,0.449473,0.468637,0.272676,1.65317
C-382,62.0782,1594,3.40542,0.340714,0.493446,0.450057,0.322106,5.42391
C-377,62.5067,1608,3.94418,0.38225,0.575108,0.556896,0.724491,7.84964
C-372,62.9353,1621,3.75639,0.408669,0.724299,0.490819,0.530795,13.4247
C-367,63.3639,1635,4.03099,0.406138,1.04609,1.51747,0.511545,13.444
C-362,63.7924,1655,3.89613,0.361295,0.843073,0.497769,0.365834,10.4187
C-357,64.1823,1669,4.18576,0.386169,1.2107,0.522093,0.317383,16.2671
C-352,64.5448,1678,3.97601,0.365366,0.550089,0.503198,0.259462,10.6388
C-347,64.9072,1689,3.95519,0.354152,0.605989,0.453176,0.337401,3.63742
C-342,65.2697,1700,3.8515,0.365502,0.91237,0.516294,0.357872,10.6586
C-337,65.6321,1713,3.92426,0.361762,1.64545,0.886094,0.474466,26.2458
C-332,65.9946,1726,3.60905,0.377044,0.799839,0.477879,0.382601,12.7271
C-327,66.4057,1741,4.12895,0.43368,1.04923,0.640027,0.477319,8.78703
C-322,66.8507,1756,3.68713,0.36446,0.748685,0.428677,0.274976,12.4145
C-317,67.2957,1769,3.41215,0.349409,0.661414,0.373845,0.403395,7.68386
C-312,67.7408,1784,4.03834,0.397379,1.70952,0.466534,0.385667,31.6779
C-307,68.1858,1800,3.43718,0.357177,0.811006,0.441308,0.387097,11.1324
C-302,68.6308,1814,3.47773,0.365644,0.626153,0.428535,0.290381,4.61374
C-297,69.0264,1825,3.37577,0.347721,0.641147,0.450784,0.4345,7.05099
C-292,69.3891,1837,3.40303,0.34214,0.648145,0.484245,0.362132,2.91611
C-287,69.7517,1848,4.03347,0.402067,0.621282,0.671878,0.397417,4.30798
C-282,70.1143,1863,3.25722,0.337305,0.470968,0.430269,0.537722,6.63113
C-277,70.4769,1877,3.21891,0.360974,0.43575,0.503611,0.22821,1.29558
C-272,70.8396,1889,3.12856,0.383595,0.403733,0.344458,0.249439,2.13665
C-267,71.2812,1904,3.38113,0.358763,0.61991,0.455449,0.318034,8.79176
C-262,71.7756,1924,3.41528,0.383027,0.585505,0.409562,0.303237,6.40149
C-257,72.27,1945,3.17905,0.355144,1.04832,0.442958,0.190981,13.1267
C-252,72.7644,1972,3.21624,0.380266,0.764997,0.390103,0.419174,6.54713
C-247,73.2588,1995,3.53743,0.366952,0.722548,0.448571,0.567942,10.2266
C-242,73.7531,2016,3.74386,0.350901,0.636969,0.395906,0.275733,6.05115
C-237,74.3071,2039,3.79338,0.374925,1.91951,0.516893,0.202889,19.0422
C-232,74.9007,2065,3.4165,0.380699,1.35405,0.468568,0.567539,26.8086
C-227,75.4943,2088,3.2993,0.366203,0.714255,0.374107,0.394247,8.60756
C-222,76.0879,2108,3.06682,0.341454,0.773609,0.282648,0.26745,6.33985
C-217,76.6815,2128,3.62644,0.399894,0.702084,0.555242,0.627645,22.6838
C-212,77.2752,2155,4.25347,0.461189,1.39907,0.68955,0.382268,16.9616
C-207,77.8291,2169,3.55869,0.384989,1.1132,0.527516,0.49946,12.9777
C-202,78.3565,2188,3.43928,0.37606,0.753698,0.441997,0.186924,16.2532
C-197,78.884,2206,3.42748,0.35865,0.622121,0.432253,0.552706,10.7023
C-192,79.4114,2232,3.74616,0.373144,0.839476,0.480817,0.336818,14.1895
C-187,79.9388,2254,3.55119,0.361404,0.651147,0.485368,0.291309,7.58172
C-182,80.4663,2277,3.41219,0.368257,0.608699,0.468726,0.332566,6.6061
C-177,80.9937,2301,3.51499,0.362,0.700779,0.51652,0.281535,13.455
C-172,81.5211,2328,3.49452,0.364033,0.740537,0.42407,0.211033,14.8347
C-167,82.0486,2353,3.30961,0.350594,0.498091,0.37536,0.619016,8.38031
C-162,82.576,2373,3.5184,0.324786,0.578953,0.472851,0.448428,3.97213
C-157,83.1035,2392,3.39594,0.364016,0.855919,0.421344,0.486044,8.32341
C-152,83.6309,2410,3.55048,0.352498,1.28679,0.42453,0.206275,10.4078
C-147,84.1385,2431,3.20832,0.337591,0.762917,0.466301,0.225083,7.45544
C-142,84.633,2451,3.70424,0.357513,1.49939,0.444794,0.130721,9.57923
C-137,85.1275,2474,3.4245,0.331628,0.947145,0.441209,0.312258,12.1648
C-132,85.622,2500,3.96209,0.349275,1.63623,0.607847,0.26444,13.4796
C-127,86.1165,2525,3.81042,0.367584,0.938652,0.443643,0.265436,18.5079
C-122,86.6109,2541,2.98065,0.362739,1.16596,0.303015,0.394155,15.7818
C-117,87.1054,2561,3.82326,0.379203,1.07364,0.628105,0.433032,15.5847
C-112,87.5999,2586,3.50977,0.375074,0.65853,0.446972,0.253015,28.8542
C-107,88.0944,2594,3.61513,0.359515,0.995429,0.566385,0.660553,11.2572
C-102,88.5888,2611,3.90876,0.352952,1.57077,0.596708,0.575395,16.6146
C-97,89.0339,2627,3.80437,0.371858,0.976647,0.577353,0.51544,11.1862
C-92,89.5284,2650,3.30426,0.346078,0.666124,0.495577,0.387721,14.0729
C-87,90.0723,2674,3.22942,0.344481,0.819017,0.4878,0.269528,10.193
C-82,90.5668,2693,3.60177,0.34694,0.618689,0.496862,0.28949,11.5524
C-77,91.0612,2715,3.36508,0.343757,0.77381,0.490403,0.267257,21.0915
C-72,91.5557,2733,3.24373,0.353527,0.902762,0.512924,0.317328,10.2677
C-62,92.0502,2748,3.37083,0.379229,0.689305,0.516527,0.536353,17.2405
C-67,92.5447,2769,3.27079,0.349727,0.707858,0.505577,0.369565,8.5947
C-57,93.0391,2791,3.33693,0.335214,0.673791,0.49024,0.207129,5.16396
C-52,93.5336,2811,3.25594,0.370263,0.595492,0.452927,0.181243,5.64606
C-47,94.0281,2832,3.30164,0.354675,0.887953,0.523819,0.323283,17.3467
C-42,94.5226,2852,3.21343,0.331618,0.984664,0.434993,0.149942,6.39289
C-37,95.0171,2866,3.20803,0.338859,0.760396,0.508392,0.15595,10.6962
C-32,95.5115,2881,3.13147,0.31511,0.636651,0.413538,0.241732,7.84607
C-27,96.006,2897,3.1926,0.328405,1.16748,0.415044,0.581552,10.8062
C-22,96.5005,2915,2.88038,0.299067,3.11493,0.293612,0.754654,4.27029
C-17,96.995,2934,3.09722,0.356401,0.585328,0.489617,0.53316,5.61773
C-12,97.4894,2946,3.52379,0.376213,1.09977,0.565861,0.793927,19.5756
C-7,97.9839,2961,3.15196,0.366045,0.500908,0.484952,1.08008,9.31854
C-2,98.6,2981,3.4636,0.356104,1.02316,0.621157,0.978659,5.65912
B-547,99.1094,2998,3.84789,0.363952,0.642179,0.67685,0.544159,6.89288
B-542,99.5184,3011,3.58254,0.354923,0.78867,0.614062,0.305375,7.62469
B-537,99.9274,3026,3.59444,0.353007,0.52911,0.538836,0.318893,13.3008
B-532,100.336,3042,3.4095,0.375134,0.452731,0.515211,0.150101,10.1694
B-527,100.78,3057,3.64395,0.370062,21.4389,0.524826,0.543074,7.66678
B-522,101.247,3069,3.20995,0.361832,0.309742,0.538037,0.305807,2.77105
B-517,101.713,3085,3.41595,0.367273,0.392618,0.539817,0.229012,4.24785
B-512,102.18,3095,3.51615,0.39269,0.560937,0.543944,0.355173,8.8451
B-507,102.647,3105,3.42774,0.36558,0.46862,0.539491,0.367433,8.35831
B-502,103.113,3125,3.74942,0.38869,0.476596,0.574013,0.819569,7.75447
B-497,103.6,3146,3.72536,0.390863,0.868245,0.678723,0.797827,11.6051
B-492,104.1,3160,3.46125,0.363756,0.649687,0.579301,0.557241,11.2428
B-487,104.6,3176,3.30253,0.35566,0.502454,0.686109,0.749746,7.75219
B-482,105.1,3193,3.2249,0.350552,0.857602,0.587634,0.798239,7.13522
B-477,105.6,3210,3.18348,0.352772,0.767693,0.453215,0.458476,10.0134
B-472,106.1,3225,3.74424,0.403385,0.764183,0.785602,0.343029,11.4821
B-467,106.6,3246,3.62111,0.361411,0.727421,0.649682,0.366769,12.8539
B-462,107.1,3266,3.4764,0.356175,0.67611,0.695229,0.272891,16.0946
B-457,107.6,3286,3.60764,0.36935,0.653085,0.856971,0.180094,8.1922
B-452,108.1,3304,3.40262,0.357889,0.676733,0.651841,0.15934,13.3952
B-447,108.6,3323,3.74425,0.401478,0.67456,0.744277,0.239515,25.529
B-442,109.1,3343,3.76066,0.396149,0.555016,0.62307,0.196284,31.6146
B-437,109.6,3362,3.602,0.353155,0.493693,0.620194,0.177212,15.7041
B-432,110.1,3382,3.66286,0.352499,0.501838,0.676293,0.256736,18.9401
B-427,110.6,3401,3.58227,0.375415,0.441657,0.720692,0.306578,8.67163
B-422,111.1,3419,9.60537,0.412014,2.26702,0.870608,0.439563,18.5447
B-417,111.6,3439,3.80258,0.36442,0.736504,0.617705,0.123388,9.58997
B-412,112.1,3455,3.77263,0.36375,0.367471,0.668453,0.125619,9.31246
B-407,112.6,3471,3.80563,0.377341,0.669308,0.607439,0.161453,41.9951
B-402,113.1,3481,3.75832,0.37831,0.384137,0.58127,0.145867,12.8997
B-397,113.6,3491,4.84684,0.366781,1.41956,0.64386,0.099209,30.618
B-392,114.1,3502,3.05795,0.326837,0.242055,0.472133,0.0736506,6.54263
B-387,114.6,3514,3.55886,0.372889,0.373748,0.54908,0.141297,10.8414
B-382,115.1,3526,3.63382,0.347443,0.627497,0.639532,0.279887,15.6015
B-377,115.6,3537,3.52657,0.37768,0.406927,0.566996,0.143489,10.5939
B-372,116.1,3551,3.51023,0.355513,0.472571,0.554705,0.244281,17.9917
B-367,116.6,3566,3.24044,0.309598,0.311227,0.477239,0.19459,10.419
B-362,117.1,3584,3.57018,0.335568,0.746941,0.65386,0.245586,15.569
B-357,117.6,3599,3.8926,0.362219,1.33164,0.825119,0.497349,25.4471
B-352,118.1,3621,3.9226,0.407659,1.53129,0.728094,0.667577,23.7054
B-347,118.6,3643,3.42555,0.36696,0.39912,0.654946,0.613991,8.97535
B-342,119.1,3668,3.57529,0.36029,0.937254,0.780575,0.961617,25.1932
B-337,119.6,3686,3.30371,0.361523,0.363685,0.732782,0.290625,5.63189
B-332,120.1,3708,3.63816,0.339894,0.450633,0.790248,0.461135,7.02156
B-327,120.6,3724,3.66982,0.36238,0.688201,0.828671,0.40904,13.909
B-322,121.1,3741,3.29015,0.332306,0.991362,0.757354,0.391123,11.5794
B-317,121.6,3760,3.39609,0.339213,0.624798,0.751619,0.416984,22.8593
B-312,122.1,3784,3.44786,0.382043,0.281478,0.723349,0.183593,4.3327
B-307,122.6,3806,3.41744,0.365316,0.508583,0.729736,0.420123,14.1177
B-302,123.1,3824,3.6036,0.363649,0.814566,0.926675,0.395121,11.9275
B-297,123.6,3846,3.4107,0.333751,0.770978,0.743928,0.363807,10.8496
B-292,124.1,3877,3.53787,0.357993,0.74991,0.65435,0.345868,11.0446
B-287,124.59,3901,3.38824,0.332363,0.390682,0.678691,0.284066,8.63562
B-282,125.073,3921,3.38527,0.36268,0.454668,0.625924,0.279125,8.4069
B-277,125.557,3934,3.43217,0.368239,0.316833,0.632696,0.230954,5.82572
B-272,126.04,3950,3.32115,0.354138,0.321729,0.673147,0.173307,13.9362
B-267,126.523,3966,3.44401,0.372845,0.337159,0.73143,0.283796,4.96103
B-262,127.007,3984,3.43369,0.362245,0.473241,0.68957,0.150324,7.93141
B-257,127.52,3996,3.40498,0.33436,0.103296,0.615992,0.142191,4.94735
B-252,128.054,4008,3.28118,0.354236,0.317642,0.656633,0.18863,7.21275
B-247,128.587,4027,3.38193,0.346447,0.221245,0.646912,0.176442,8.53176
B-242,129.12,4047,3.44916,0.367527,0.256072,0.676835,0.0843787,4.56632
B-237,129.653,4065,3.28425,0.345477,0.275228,0.616469,0.137292,10.6009
B-232,130.187,4080,3.47803,0.371968,0.26018,0.65937,0.124548,5.88724
B-227,130.73,4091,3.45797,0.354045,0.188888,0.608021,0.144206,1.5616
B-222,131.28,4103,3.60242,0.332176,0.139357,0.479047,0.125936,1.03875
B-217,131.83,4127,3.36192,0.351339,0.194086,0.647703,0.134879,1.43757
B-212,132.38,4148,4.15353,0.410471,0.42611,0.811702,0.242154,8.46457
B-207,132.93,4168,3.41786,0.335378,0.253535,0.677527,0.278713,3.61122
B-202,133.48,4190,3.38787,0.334901,0.325689,0.560443,0.323036,6.68299
B-197,134.078,4211,3.36979,0.371686,0.322302,0.616472,0.162497,4.29401
B-192,134.708,4235,3.38837,0.35607,0.218533,0.56634,0.163619,3.27941
B-187,135.338,4260,3.18831,0.331444,0.30247,0.524929,0.248323,11.5831
B-182,135.968,4282,3.54862,0.35441,0.458706,0.739518,0.199569,8.89404
B-177,136.598,4304,3.32972,0.357679,0.309067,0.711858,0.240668,4.21401
B-172,137.228,4324,3.1519,0.329153,0.414144,0.71951,0.416654,13.0296
B-167,137.858,4345,3.34356,0.350973,0.441964,0.699896,0.183983,4.94558
B-162,138.488,4369,3.46117,0.353626,0.511083,0.716632,0.0986028,8.25152
B-157,139.118,4399,3.83646,0.367456,0.192103,0.806269,0.0611294,1.23546
B-152,139.748,4431,3.51773,0.341236,0.244879,0.649704,0.205219,6.75285
B-147,140.3,4445,3.38609,0.36493,0.223917,0.885544,0.19219,12.67
B-142,140.8,4462,3.73326,0.382055,0.390242,0.379145,0.242293,4.1325
B-137,141.3,4481,3.45564,0.343922,0.737523,0.674995,0.291786,5.86347
B-132,141.8,4505,3.59127,0.363589,0.742637,0.734839,0.40428,4.90667
B-127,142.3,4524,3.76327,0.330414,0.516982,0.716245,0.240188,9.39378
B-122,142.8,4540,3.54387,0.347077,0.644372,0.583306,0.250054,9.1033
B-117,143.3,4557,3.71956,0.322557,0.58951,0.586416,0.371373,12.0246
B-112,143.8,4578,3.49373,0.332932,0.339659,0.568602,0.307428,3.25552
B-107,144.3,4592,3.81602,0.37733,0.711935,0.701233,0.578475,8.80189
B-102,144.8,4607,3.46357,0.344777,0.454073,0.658613,0.763525,4.51295
B-97,145.336,4625,4.17051,0.41447,0.56954,0.987685,0.434454,4.44183
B-92,145.896,4644,3.57888,0.352475,0.563309,0.656611,0.325694,5.75749
B-87,146.456,4663,3.56568,0.359347,0.480882,0.743758,0.412603,3.09863
B-82,147.016,4683,3.41248,0.329323,0.588445,0.587574,0.155414,3.44444
B-77,147.576,4705,3.41856,0.328679,0.988657,0.655662,0.340394,5.0822
B-72,148.136,4729,3.12989,0.332455,0.629267,0.570846,0.2603,6.50587
B-67,148.696,4758,3.21348,0.319052,0.401254,0.603867,0.159287,5.48985
B-62,149.256,4779,3.46829,0.362325,0.454712,0.715824,0.138638,5.63402
B-57,149.816,4807,3.81353,0.331343,0.422359,0.545029,0.196801,20.651
B-52,150.376,4831,3.29996,0.316598,0.265588,0.533726,0.206322,3.66447
B-47,150.876,4856,3.29479,0.319963,0.264357,0.628784,0.0262951,4.10983
B-42,151.336,4875,3.65731,0.340976,0.70719,0.667906,0.0875889,9.64976
B-37,151.796,4895,3.3799,0.348942,0.960247,0.638212,0.0353562,9.69941
B-32,152.256,4913,3.12058,0.302307,0.497811,0.647574,0.471512,6.79009
B-27,152.716,4930,3.69541,0.346868,0.742741,0.791827,0.629404,5.90228
B-22,153.176,4952,3.29029,0.336465,0.280545,0.559351,0.269235,4.29657
B-17,153.636,4972,3.64214,0.340417,0.456115,0.607673,0.308352,7.40036
B-12,154.096,4996,3.49232,0.376279,0.789962,0.737909,0.510676,6.31308
B-7,154.556,5015,3.31591,0.306297,0.69743,0.51954,0.480279,15.3784
B-2,155.016,5040,3.03072,0.305304,0.632108,0.585589,0.357159,5.78169
A-890,155.743,5072,4.68157,1.04644,2.47897,0.843976,0.423729,7.7007
A-885,156.378,5100,5.4245,1.07957,1.76993,0.71852,0.520748,12.9745
A-880,157.013,5127,7.43805,1.49195,2.25526,1.07338,0.818612,4.5608
A-875,157.48,5148,3.11744,0.321255,0.347053,0.523327,0.0222549,4.38069
A-870,157.905,5165,3.2889,0.328073,0.696909,0.536357,0.492338,11.5187
A-865,158.33,5184,3.9787,0.391778,0.777951,0.758404,0.535752,30.0006
A-860,158.755,5203,3.13855,0.333408,0.49035,0.50349,0.11401,5.09169
A-855,159.18,5219,3.73743,0.341355,1.26804,0.573067,0.455655,5.89631
A-850,159.605,5236,3.35196,0.330513,0.863391,0.583606,0.286882,4.48094
A-845,160.03,5261,3.19127,0.303811,0.73584,0.568583,0.417572,1.99502
A-840,160.455,5283,3.05506,0.314119,0.497067,0.524149,0.324327,0.860633
A-835,160.955,5307,3.16642,0.331095,0.621128,0.546096,0.327345,4.75778
A-830,161.455,5335,3.38063,0.316697,0.665291,0.59956,0.383647,20.919
A-825,161.955,5360,2.93792,0.316208,0.315827,0.47958,0.106726,4.20345
A-820,162.455,5386,3.02396,0.309124,0.572628,0.56758,0.12607,1.36272
A-815,162.955,5417,3.30043,0.300097,0.408745,0.620111,0.362209,2.08151
A-810,163.455,5438,2.94366,0.298217,0.582762,0.599366,0.425823,4.07607
A-805,163.955,5468,3.07104,0.307142,0.49067,0.633195,0.415421,7.20897
A-800,164.455,5492,3.05456,0.305115,0.61843,0.503985,0.467298,5.22901
A-795,164.955,5511,3.18888,0.318217,0.854319,0.601694,0.261893,4.55588
A-790,165.455,5534,3.09198,0.318825,0.474856,0.535282,,1.22022
A-785,165.955,5556,2.88709,0.313867,0.105863,0.576184,,4.62799
A-780,166.455,5574,2.71958,0.286316,0.100609,0.440887,,0.1767
A-775,166.955,5593,3.1093,0.302982,0.123764,0.498173,0.113516,1.94307
A-770,167.455,5613,2.8487,0.291132,0.248959,0.477018,0.174464,1.67167
A-765,167.955,5633,2.9155,0.32036,0.467986,0.464862,0.255722,2.16552
A-760,168.455,5652,2.92385,0.326265,0.272051,0.537663,0.583642,4.78732
A-755,168.955,5680,3.0924,0.328135,0.701074,0.539099,0.336222,6.2331
A-750,169.455,5702,3.07932,0.310785,0.753412,0.551641,0.430645,8.54092
A-745,169.905,5723,2.8127,0.320424,0.380482,0.516716,0.169699,1.43448
A-740,170.355,5745,3.17373,0.326832,0.92687,0.606726,0.317748,9.10522
A-735,170.805,5764,3.13014,0.336696,1.47688,0.599889,0.237657,9.25152
A-730,171.255,5784,3.29201,0.38689,0.575525,0.671317,0.307168,18.3362
A-725,171.705,5801,3.08966,0.326227,0.412708,0.493464,0.451329,3.29596
A-720,172.155,5825,3.09106,0.363611,0.459661,0.586367,0.402942,13.5184
A-715,172.605,5843,3.29999,0.363481,0.320682,0.682818,0.479681,1.4024
A-710,173.055,5865,3.28595,0.371749,0.623533,0.654274,0.259768,4.63209
A-705,173.505,5888,3.28636,0.355202,0.747864,0.628873,0.326718,8.43454
A-700,173.955,5910,3.14822,0.377063,0.52977,0.681715,0.148679,2.91797
A-695,174.405,5931,2.93952,0.373277,0.492568,0.587138,0.169784,4.22107
A-690,174.855,5953,2.96542,0.356781,0.472963,0.65772,0.0874885,1.75118
A-685,175.455,5983,3.22434,0.337421,0.594436,0.524729,0.070364,5.16469
A-680,176.055,6017,3.68065,0.370119,1.32338,0.774211,0.161058,7.59075
A-675,176.655,6046,3.34279,0.265909,1.57252,0.559776,0.0987883,13.6391
A-670,177.255,6077,3.21175,0.253644,0.857423,0.607763,0.0104256,7.39912
A-665,177.855,6103,3.08475,0.273731,1.17698,0.533439,0.11843,11.3736
A-660,178.455,6128,3.03694,0.259955,0.706658,0.515097,0.0450113,9.53299
A-655,179.021,6148,2.99611,0.2645,0.674022,0.485422,0.00679062,6.78156
A-650,179.588,6171,2.85774,0.257889,0.755965,0.409363,0.0321053,9.87842
A-645,180.155,6195,3.25779,0.262528,0.829664,0.577585,0.015319,9.27041
A-640,180.722,6221,3.03862,0.2705,0.525755,0.511874,0.0685132,3.26283
A-635,181.288,6252,3.07665,0.264992,0.48455,0.56386,0.0578241,6.88614
A-630,181.855,6281,3.07494,0.279641,0.601056,0.650505,0.0813288,5.03221
A-625,182.355,6306,2.89727,0.261423,0.538058,0.523368,0.0231946,7.18191
A-620,182.855,6333,3.05088,0.276258,0.591718,0.533275,0.0423465,5.64878
A-615,183.355,6352,2.912,0.279492,1.02406,0.546908,0.210123,5.25828
A-610,183.855,6373,2.96394,0.237516,0.885566,0.676528,0.442044,9.03375
A-605,184.355,6396,2.7955,0.237217,0.853728,0.672533,0.308781,7.52465
A-600,184.855,6416,2.74461,0.256757,0.715302,0.450292,0.0394261,6.42713
A-595,185.255,6433,3.02654,0.27,1.1325,0.547254,0.0749683,15.1176
A-590,185.655,6458,2.97797,0.256609,0.77706,0.518852,0.111771,11.2222
A-585,186.055,6479,3.06083,0.249326,0.54974,0.561334,0.179886,2.8058
A-580,186.455,6500,3.08437,0.23392,0.457732,0.506733,0.0177543,1.45278
A-575,186.855,6519,2.79398,0.231401,0.709242,0.481945,,1.11999
A-570,187.255,6538,2.90535,0.239497,0.602545,0.536069,0.08177,4.00971
A-565,187.655,6556,3.07574,0.246391,0.675869,0.508104,0.0616961,0.958962
A-560,188.055,6569,2.84222,0.222922,0.641534,0.524251,0.336518,11.5062
A-555,188.455,6585,2.79415,0.227773,0.609426,0.477473,0.149453,6.10917
A-550,188.855,6597,2.79601,0.223315,1.10427,0.495837,0.189559,8.912
A-545,189.255,6624,2.96427,0.240187,0.896757,0.554198,0.137065,14.2951
A-540,189.655,6643,3.05267,0.211361,0.730179,0.5741,0.111579,7.5963
A-535,190.055,6662,3.02825,0.26013,0.636414,0.481387,0.0165529,4.41848
A-530,190.455,6679,2.97478,0.220593,0.85484,0.534583,0.0311734,0.0269622
A-525,190.855,6691,2.89162,0.254116,0.851151,0.542238,0.105575,6.09245
A-520,191.255,6707,2.9136,0.246535,0.703305,0.451015,0.0625637,6.21863
A-515,191.655,6726,2.92477,0.232628,0.530729,0.538633,0.0761172,1.30125
A-510,192.055,6743,2.79288,0.231592,0.616488,0.488667,0.0884095,3.83678
A-505,192.555,6762,2.82713,0.231103,0.419725,0.495723,0.157244,2.72898
A-500,193.055,6780,2.69021,0.216691,0.373109,0.43329,0.0788345,0.240271
A-495,193.555,6796,3.12058,0.271633,0.479222,0.922243,0.0567222,2.04888
A-490,194.055,6812,3.12966,0.249707,0.62429,0.582012,0.387639,5.13094
A-485,194.555,6830,3.28618,0.272831,0.60587,0.594432,0.261197,3.83148
A-480,195.055,6848,3.02256,0.244022,0.571093,0.561761,0.283274,7.08497
A-475,195.455,6863,3.22536,0.264393,0.803623,0.612404,0.120933,3.62917
A-470,195.855,6879,3.17726,0.269794,1.24947,1.30917,0.0706307,12.4916
A-465,196.255,6896,2.90744,0.256865,0.49746,0.556789,0.11968,10.3973
A-460,196.655,6915,2.87745,0.241889,1.43669,0.559609,0.570344,26.3104
A-455,197.055,6931,3.07532,0.248456,0.661216,0.497712,0.00262992,10.8508
A-450,197.455,6945,2.78441,0.256672,0.228358,0.400678,0.0535991,0.88749
A-445,197.855,6963,2.99264,0.239352,0.669354,0.565599,0.0486916,2.71221
A-440,198.255,6974,2.95849,0.236988,0.461151,0.536809,0.0454822,
A-435,198.655,6991,2.77047,0.234189,0.496282,0.604346,0.162771,9.24957
A-430,199.055,7005,2.84597,0.254288,0.597407,0.614174,0.0391166,1.51926
A-425,199.455,7028,3.1382,0.255832,0.681537,0.605689,0.0736816,8.64517
A-420,199.855,7048,2.88187,0.253002,0.35117,0.554229,0.105038,3.4265
A-415,200.205,7062,2.97415,0.246357,0.436009,0.591508,0.10913,1.33574
A-410,200.555,7081,2.81076,0.272345,0.42752,0.790945,0.274945,4.26527
A-405,200.905,7096,2.91635,0.310963,0.40114,0.433221,0.112062,2.48621
A-400,201.255,7109,2.48619,0.238151,0.304394,0.442637,0.198792,1.36191
A-395,201.605,7122,2.80518,0.214865,0.323852,0.57772,0.185086,2.43875
A-390,201.955,7134,2.70317,0.20817,0.674926,0.590682,0.0826231,6.25113
A-385,202.371,7148,2.65094,0.227628,0.368255,0.559287,0.0717853,2.39074
A-380,202.788,7161,2.84383,0.234045,0.418995,0.605096,0.189921,5.78931
A-375,203.205,7176,2.76001,0.248581,0.574568,0.654906,0.282917,4.2012
A-370,203.622,7187,2.89872,0.221542,0.400149,0.556452,0.212161,6.6144
A-365,204.038,7204,2.80351,0.232736,0.644395,0.699989,0.256655,5.93715
A-360,204.455,7222,2.80657,0.218655,0.531531,0.562586,0.0532287,2.07317
A-355,204.922,7245,2.7795,0.229944,0.6397,0.541607,0.224876,5.85529
A-350,205.389,7267,2.48918,0.22809,0.598363,0.528869,0.224773,10.5653
A-345,205.855,7285,2.82956,0.232493,0.696698,0.604927,0.0558127,16.683
A-340,206.322,7302,2.72911,0.248762,0.997252,0.458275,0.0479487,12.8993
A-335,206.788,7316,2.93153,0.244041,0.716678,0.61532,0.0466839,4.69225
A-330,207.255,7340,3.09563,0.24288,0.701053,0.649834,0.0635488,19.2771
A-325,207.671,7356,2.82672,0.235556,0.576952,0.545774,0.0972251,8.39991
A-320,208.088,7372,3.09621,0.263504,0.720427,0.570098,0.118249,8.02538
A-315,208.505,7389,3.00573,0.24129,0.714874,0.644113,0.239409,10.0385
A-310,208.922,7407,3.12272,0.253591,2.12502,0.640021,0.45667,50.102
A-305,209.338,7420,2.84917,0.246041,0.778436,0.677936,0.42241,11.9714
A-300,209.755,7441,3.00919,0.257201,1.00906,0.578077,0.348674,10.8198
A-295,210.215,7466,3.3298,0.243441,0.901722,0.688951,0.69973,12.3706
A-290,210.675,7480,3.05668,0.23698,0.806725,0.783146,0.451751,9.15557
A-285,211.135,7497,3.15599,0.229045,0.659812,0.675378,0.523513,19.5324
A-280,211.595,7509,3.65404,0.272068,1.7817,1.10417,0.706911,14.1329
A-275,212.055,7528,3.23468,0.234837,1.37823,0.714522,0.459781,15.0334
A-270,212.515,7549,3.04435,0.243383,0.925781,0.693515,0.136492,11.1077
A-265,212.975,7577,2.92845,0.277185,0.769121,0.83222,0.293238,7.08792
A-260,213.435,7605,2.95586,0.210527,0.416945,0.546919,0.15014,13.6671
A-255,213.895,7622,3.09183,0.35204,1.31348,0.545181,0.154433,9.23021
A-250,214.355,7647,2.85849,0.246824,0.60532,0.505876,0.178541,5.98099
A-245,214.995,7674,3.06567,0.284661,0.491959,0.594289,0.119805,4.23283
A-240,215.635,7697,2.79485,0.204227,0.911386,0.598188,0.229208,19.4919
A-235,216.275,7714,3.22632,0.247024,0.728441,0.736161,0.259613,5.27139
A-230,216.915,7736,3.15926,0.256127,0.576574,0.572245,0.149323,7.64419
A-225,217.555,7756,3.13053,0.287722,1.89508,0.670826,0.226996,8.2331
A-220,218.195,7783,3.21886,0.249268,1.44995,0.642247,0.290002,17.0833
A-215,218.835,7802,2.98667,0.251368,0.647683,0.705654,0.277846,6.37858
A-210,219.475,7822,2.86093,0.226791,0.639416,0.632402,0.306869,12.5355
A-205,220.115,7845,2.84257,0.20978,0.610241,0.609314,0.274507,9.83065
A-200,220.755,7866,2.79765,0.209199,0.753614,0.619471,0.337761,13.5318
A-195,221.185,7876,3.01098,0.204349,0.322921,0.628566,0.247393,8.11423
A-190,221.615,7886,3.19201,0.219549,0.465192,0.634688,0.116592,11.1674
A-185,222.045,7895,3.00596,0.215436,0.419634,0.653888,0.19682,5.44563
A-180,222.475,7907,2.8859,0.241297,0.572462,0.611988,0.254406,11.8728
A-175,222.905,7922,2.8719,0.220901,0.243169,0.621356,0.0495481,5.14686
A-170,223.335,7941,2.86481,0.219866,1.47959,0.709976,0.0971238,12.9327
A-165,223.765,7960,3.14494,0.238071,1.75556,0.608425,0.120226,12.3886
A-160,224.195,7974,3.12242,0.242883,0.763648,0.646399,0.277098,16.7285
A-155,224.625,7986,3.04595,0.227998,1.25187,0.666874,0.360151,8.9326
A-150,225.055,7995,2.79656,0.217325,1.15283,0.538413,0.214371,9.01161
A-145,225.525,8006,3.06802,0.224568,3.21853,0.603855,0.165392,4.12052
A-140,225.995,8017,3.0725,0.239581,4.76641,0.630793,0.0459712,4.73256
A-135,226.465,8025,2.96767,0.234589,6.1595,0.63079,0.134122,7.18529
A-130,226.935,8033,2.86177,0.22769,0.521037,0.603338,0.408792,5.47999
A-125,227.405,8042,2.90824,0.226152,0.899869,0.585497,0.256076,4.41408
A-120,227.875,8051,2.96391,0.236434,0.533801,0.597052,0.115884,7.79389
A-115,228.345,8069,2.9328,0.244269,0.37485,0.630009,0.0849172,3.93783
A-110,228.815,8089,2.65097,0.210351,0.459248,0.61518,0.178726,10.1075
A-105,229.285,8124,3.03964,0.24514,0.427569,0.496528,0.147361,3.3808
A-100,229.755,8136,2.82741,0.224625,1.10561,0.570106,0.26986,11.2636
A-95,230.355,8165,3.06117,0.236173,0.718187,0.593114,0.161297,3.88847
A-90,230.955,8199,3.19214,0.240896,0.861742,0.676932,0.281016,3.49789
A-85,231.555,8232,3.06535,0.216476,0.31318,0.620631,0.158055,5.44262
A-80,232.155,8255,2.85614,0.219691,0.779977,0.663518,0.16409,5.01051
A-75,232.755,8281,2.84764,0.216543,0.488664,0.710915,0.211447,4.84453
A-70,233.355,8302,3.10091,0.238502,0.967999,0.689047,0.217532,2.55767
A-65,233.955,8330,3.05914,0.236543,1.5613,0.679085,0.318666,11.2228
A-60,234.555,8351,3.18176,0.206274,1.82581,0.831344,0.249746,19.1223
A-55,235.155,8375,3.1204,0.213162,0.643907,0.635395,0.107408,8.13618
A-50,235.755,8401,2.77319,0.226529,1.00921,0.63268,0.299632,22.934
A-45,236.295,8441,2.97374,0.240068,1.40103,0.79566,0.314993,13.8366
A-40,236.745,8467,3.34196,0.230117,0.564066,0.661936,0.0408844,2.01101
A-35,237.195,8486,3.3174,0.243593,0.15362,0.725483,0.429069,1.10942
A-30,237.645,8508,3.23097,0.234973,0.913308,0.691455,0.418667,6.27885
A-25,238.095,8527,3.3848,0.25396,0.550739,0.723844,0.299982,8.88103
A-20,238.545,8544,3.14458,0.22521,0.468604,0.617908,0.086621,5.66472
A-15,238.995,8565,3.28082,0.249835,0.724931,0.60982,0.0955006,3.83316
A-10,239.445,8579,3.37786,0.255692,0.504798,0.515135,0.163078,0.380787
A-5,239.895,8591,3.19609,0.250466,0.88254,0.71081,0.109525,9.12327
HS4-E-1,240,8613,3.97108,0.38345,1.56824,0.813004,0.188548,43.1158
HS-4A- 2,240.17,8602,2.93264,0.23056,2.01802,0.86628,0.203223,10.6235
HS4-E-2,240.5,8624,4.00552,0.376197,1.32115,1.16322,0.101279,23.5656
HS4-E-3,241.5,8635,4.3906,0.415628,2.40845,1.0827,0.155859,52.7777
HS4-E-4,242.3,8646,4.06504,0.40094,1.76079,1.02604,0.139442,22.3594
HS4-E-5,242.8,8657,4.3045,0.396886,2.05402,1.0678,0.111329,64.7048
HS4-E-6,243.3,8668,3.69896,0.424615,0.98536,0.573998,0.154719,11.8646
HS4-E-7,243.8,8679,3.49042,0.52404,0.913259,0.424786,0.1142,
HS4-E-8,244.2,8690,3.57184,0.39477,1.18263,0.581954,0.337895,7.42873
HS4-E-9,244.6,8701,3.54375,0.387944,1.11198,0.77671,0.126181,23.9226
HS4-E-10,245.2,8712,3.55413,0.434342,1.21514,0.750519,0.330243,14.473
HS4-E-11,245.8,8723,3.38512,0.387333,1.20112,0.536665,0.180444,26.4624
HS4-E-12,246.3,8734,3.5031,0.359317,1.09189,0.699208,0.318993,6.41627
HS4-E-13,246.8,8745,3.31597,0.330211,0.783768,0.497352,0.174742,
HS4-E-14,247.3,8756,3.34699,0.318506,0.941491,0.529736,0.137305,6.09852
HS4-E-15,247.8,8767,3.23524,0.339685,1.07836,0.573021,0.126396,27.553
HS4-E-16,248.3,8778,3.29236,0.328052,1.08068,0.527198,0.0606681,8.38509
HS4-E-17,248.8,8789,3.51258,0.329638,1.16766,0.59149,0.0768242,11.7754
HS4-E-18,249.2,8800,3.16312,0.34533,1.00133,0.41408,0.0693084,25.9336
HS4-E-19,249.7,8811,3.15202,0.365794,1.20462,0.611568,0.0492568,32.458
HS4-E-20,250.2,8822,3.16138,0.336107,1.1385,0.455855,0.0422204,12.8381
HS4-E-21,250.7,8833,3.29196,0.357716,0.724232,0.464177,0.0330112,
HS4-E-22,251.2,8844,3.22845,0.352169,1.25405,0.466724,0.00704918,40.4131
HS4-E-23,251.7,8855,2.74935,0.341814,0.686845,0.492158,0.00899465,6.08473
HS4-E-24,252.4,8866,2.80643,0.314398,0.809001,0.400713,0.00282458,3.20291
HS4-E-25,252.9,8877,3.25723,0.365654,1.14531,0.567781,0.0152695,13.0311
HS4-E26,253.5,8888,4.93853,0.583953,6.17555,2.75638,0.229311,193.536
HS4-E27,255.5,8899,4.29086,0.496795,5.26178,1.79621,0.214653,139.592
