-5.119999999999890861e+00,7.667830137208761698e+01,-6.244734982332155226e+01
-5.279999999999972715e+00,6.428971931788623806e+00,-6.109967974379503630e+01
-5.369999999999890861e+00,7.830047423705163112e+01,-6.327112996061799066e+01
-5.450000000000045475e+00,2.735873625211205251e+01,-4.755639173188841795e+01
-5.700000000000045475e+00,9.047722357488316902e+01,-3.249595469255663005e+01
-5.950000000000045475e+00,-6.423830810142573178e+00,-4.334352517985612252e+01
-6.119999999999890861e+00,-5.044915150978961549e+01,-3.113256484149855652e+01
-6.200000000000045475e+00,-8.629126144076899152e+01,-3.973585278986941205e+01
-6.450000000000045475e+00,-3.050124577443327780e+02,-3.712178684894579561e+01
-6.700000000000045475e+00,-8.708593918786802135e+01,-3.814264516767237012e+01
-6.789999999999963620e+00,-1.330432553056921279e+02,-2.607347300088521891e+01
-7.039999999999963620e+00,-1.787391415734068403e+02,-2.592557457212713956e+01
-7.289999999999963620e+00,-2.763466608203304986e+02,-7.218057971014492580e+01
-7.369999999999890861e+00,-3.389688922053992428e+02,-2.056189243600805696e+02
-7.529999999999972715e+00,-3.551249097184848438e+02,-2.151970914657482226e+01
-7.619999999999890861e+00,-4.102715793880769866e+02,-3.053211706575446982e+01
-7.789999999999963620e+00,-3.712484993610028710e+02,-3.911801775995417785e+01
-7.869999999999890861e+00,-4.521439198480846358e+02,-3.948539559504678920e+01
-8.039999999999963620e+00,-6.264056388961562334e+02,-3.715197484044029608e+01
-8.119999999999890861e+00,-4.756488684226191594e+02,-3.785579641847314036e+01
-8.200000000000045475e+00,-5.592521733224984928e+02,-2.472614494916518879e+01
-8.279999999999972715e+00,-5.495056603903968835e+02,-2.175541651101979923e+01
-8.369999999999890861e+00,-5.562545055948301069e+02,-2.023803303163198564e+01
-8.529999999999972715e+00,-6.345749180174575486e+02,-2.820680096100535650e+01
-8.619999999999890861e+00,-6.100421147192388389e+02,-2.829307628139772035e+01
-8.700000000000045475e+00,-7.297633739454971646e+02,-2.567391105835083920e+01
-8.789999999999963620e+00,-8.967303463031327055e+02,-3.304874340398890809e+01
-8.869999999999890861e+00,-8.981671196927615028e+02,-3.376115532504694272e+01
-8.950000000000045475e+00,-8.477265162156220413e+02,-2.746819040763070419e+01
-9.039999999999963620e+00,-8.981671196927615028e+02,-3.878941250111776640e+01
-9.119999999999890861e+00,-1.000236021445560596e+03,-5.603099064100300097e+01
-9.200000000000045475e+00,-9.625573825180438234e+02,-3.277902953960791876e+01
-9.279999999999972715e+00,-1.041973335188473129e+03,-2.681194554238032168e+01
-9.450000000000045475e+00,-1.010867778412874600e+03,-2.691596860947006320e+01
-9.529999999999972715e+00,-1.135968644449949579e+03,-2.022371733657435655e+01
-9.619999999999890861e+00,-1.074364508108402106e+03,-3.162321756626716507e+01
-9.700000000000045475e+00,-1.341821876533168506e+03,-2.786875951937722462e+01
-9.789999999999963620e+00,-1.233700813328038521e+03,-3.100214408233276231e+01
-9.869999999999890861e+00,-1.289311735821815091e+03,-2.463061068052125080e+01
-9.950000000000045475e+00,-1.377090085835956643e+03,-4.128163437236731426e+01
-1.003999999999996362e+01,-1.387910764353750210e+03,-2.297846205620056637e+01
-1.011999999999989086e+01,-1.420958709878274476e+03,-5.384499371596145778e+01
-1.020000000000004547e+01,-1.346578548837278959e+03,-5.434587737843551736e+01
-1.028999999999996362e+01,-1.375059584919386907e+03,-2.639984831886744487e+01
-1.045000000000004547e+01,-1.259151106483453304e+03,-3.365110712148413796e+01
-1.053999999999996362e+01,-1.342501573618652401e+03,-5.573280311363060235e+01
-1.070000000000004547e+01,-1.448506978272320566e+03,-2.012274549098196275e+01
-1.078999999999996362e+01,-1.455211761233967763e+03,-4.691389954947438667e+01
-1.086999999999989086e+01,-1.430376061484397951e+03,-5.310963260523893581e+01
-1.095000000000004547e+01,-1.433064706811145470e+03,-3.024219861122730180e+01
-1.103999999999996362e+01,-1.446494451642728791e+03,-2.146964002338595279e+01
-1.111999999999989086e+01,-1.467266286213873855e+03,-3.078290569810063815e+01
-1.120000000000004547e+01,-1.475961095771795044e+03,-2.473337771490388448e+01
-1.128999999999996362e+01,-1.454541534709861253e+03,-2.010763454317897470e+01
-1.136999999999989086e+01,-1.453200913878979463e+03,-3.016648585496119495e+01
-1.145000000000004547e+01,-1.340462309804019924e+03,-4.758886255924171138e+01
-1.152999999999997272e+01,-1.454541534709861253e+03,-2.748043387567793516e+01
-1.161999999999989086e+01,-1.509315237695559972e+03,-1.997099527637358207e+01
-1.170000000000004547e+01,-1.346578548837278959e+03,-3.396617336152219480e+01
-1.178999999999996362e+01,-1.360153541505976591e+03,-3.390882228788517949e+01
-1.186999999999989086e+01,-1.471280444705001173e+03,-9.297144046627808223e+01
-1.195000000000004547e+01,-1.496656972584032474e+03,-5.333997343957502579e+01
-1.203999999999996362e+01,-1.525276166864048491e+03,-5.580779091886526544e+01
-1.211999999999989086e+01,-1.453871252261310246e+03,-6.971228304405875065e+01
-1.220000000000004547e+01,-1.539879211705296257e+03,-4.045347973251878670e+01
-1.227999999999997272e+01,-1.621694456924196402e+03,-5.185968783198496368e+01
-1.236999999999989086e+01,-1.405463338780090680e+03,-6.406438885157824359e+01
-1.252999999999997272e+01,-1.733170622026581896e+03,-3.431245970341715434e+01
-1.270000000000004547e+01,-1.783510145644354679e+03,-8.299351273426238151e+01
-1.278999999999996362e+01,-2.001832320893900032e+03,-5.634996102883865632e+01
-1.286999999999989086e+01,-1.895950982564332890e+03,-7.168922761017216772e+01
-1.295000000000004547e+01,-1.862893322742691225e+03,-4.841459159397304290e+01
-1.303999999999996362e+01,-1.917492284218090390e+03,-4.429032766225582662e+01
-1.320000000000004547e+01,-1.260524503648706741e+03,-1.853927686127019570e+01
-1.327999999999997272e+01,-2.014344784482921341e+03,-1.687867704280155934e+01
-1.336999999999989086e+01,-2.194841451663937278e+03,-2.261611626845228784e+01
-1.345000000000004547e+01,-2.346217755909441621e+03,-3.599014336917563384e+01
-1.352999999999997272e+01,-2.439251312476565545e+03,-1.067271922054915763e+02
-1.361999999999989086e+01,-2.457019512598495112e+03,-2.543960818971866544e+01
-1.370000000000004547e+01,-2.779971458851063744e+03,-2.784697559250088617e+01
-1.378999999999996362e+01,-2.964801249697839921e+03,-3.887652101769911894e+01
-1.386999999999989086e+01,-2.570398044686326557e+03,-2.391641856074359396e+01
-1.395000000000004547e+01,-3.057567196753270764e+03,-1.850137370147621709e+02
-1.403999999999996362e+01,-3.089346380141249938e+03,-1.230377808032675233e+02
-1.420000000000004547e+01,-3.229742477180771857e+03,-1.601333868486186418e+02
-1.428999999999996362e+01,-3.439244002206145979e+03,-8.219375651720541498e+01
-1.436999999999989086e+01,-3.389354324637216905e+03,-7.691114171421077117e+01
-1.445000000000004547e+01,-3.513761678408152875e+03,-1.556079292309679118e+01
-1.453999999999996362e+01,-3.582967584143817476e+03,-6.633743038217784260e+01
-1.461999999999989086e+01,-3.626048323292400255e+03,-2.045972620184654645e+01
-1.470000000000004547e+01,-3.868880434474828689e+03,-7.493562735528510643e+01
-1.478999999999996362e+01,-3.376701437595183052e+03,-2.147409523809523932e+02
-1.486999999999989086e+01,-3.915394177837581083e+03,-1.085473865241692693e+01
-1.495000000000004547e+01,-3.960168311454878676e+03,-5.789726362081602673e+01
-1.503999999999996362e+01,-4.094942739581122169e+03,-4.631917832902876597e+01
-1.511999999999989086e+01,-3.993463738860826652e+03,-1.905638686131386805e+01
-1.520000000000004547e+01,-3.907495940858884751e+03,-1.012459268367660599e+02
-1.528999999999996362e+01,-3.981238808788746155e+03,-4.012829728906488214e+01
-1.536999999999989086e+01,-3.881277424496608091e+03,-3.418930421909696804e+01
-1.545000000000004547e+01,-4.008596859923558895e+03,-7.608208366219415097e+01
-1.552999999999997272e+01,-4.141128888254298545e+03,-7.771549716333232993e+01
-1.561999999999989086e+01,-3.928212273106763860e+03,-4.433494818176242802e+01
-1.570000000000004547e+01,-4.009084550783678878e+03,-3.316197183098591239e+01
-1.578999999999996362e+01,-4.093012541938628146e+03,-3.909119855812556210e+01
-1.586999999999989086e+01,-3.980749424402838031e+03,-4.600353356890459366e+01
-1.595000000000004547e+01,-3.968014954325421058e+03,-1.617579936538930596e+01
-1.603999999999996362e+01,-4.059158789244614127e+03,-6.300392156862744741e+01
-1.611999999999989086e+01,-3.999325103586402292e+03,-2.050729394602479871e+01
-1.620000000000004547e+01,-3.993463738860826652e+03,-2.736301703163017152e+01
-1.627999999999997272e+01,-3.942485290984244784e+03,-1.573555337904015694e+01
-1.636999999999989086e+01,-3.919833525836721947e+03,-3.205310006138735446e+01
-1.645000000000004547e+01,-3.942977011977267011e+03,-5.113741813062373609e+01
-1.652999999999997272e+01,-3.877312468838618770e+03,-2.230838064675388566e+01
-1.661999999999989086e+01,-3.913913849813488014e+03,-7.007531637793340451e+01
-1.670000000000004547e+01,-3.918354015748737766e+03,-1.972861791612942994e+01
-1.678999999999996362e+01,-3.914407322799483609e+03,-5.279998771423306181e+01
-1.686999999999989086e+01,-3.856961297821317658e+03,-2.634096392996349678e+01
-1.695000000000004547e+01,-3.926734305545635834e+03,-2.118615063788027442e+01
-1.703999999999996362e+01,-3.871857457362514651e+03,-1.587451367875008046e+01
-1.711999999999989086e+01,-3.892170972365888701e+03,-3.760675126278181324e+01
-1.720000000000004547e+01,-3.832072815896803604e+03,-2.492707751504995883e+01
-1.727999999999997272e+01,-3.831075670910419376e+03,-1.545670659797653812e+01
-1.736999999999989086e+01,-3.810106982807727491e+03,-2.249579936523741353e+01
-1.745000000000004547e+01,-3.800102622588171926e+03,-4.154395912517913558e+01
-1.752999999999997272e+01,-3.705954009552671323e+03,-3.089225822720968395e+01
-1.761999999999989086e+01,-3.750900343766600145e+03,-1.762616763839258027e+01
-1.770000000000004547e+01,-3.837056685023046157e+03,-5.480555727842212121e+01
-1.778999999999996362e+01,-3.702914851940279732e+03,-1.823839556004036311e+01
-1.786999999999989086e+01,-3.733759506335344213e+03,-3.330891499654457277e+01
-1.795000000000004547e+01,-3.664828046704074040e+03,-2.392440276281604383e+01
-1.803999999999996362e+01,-3.622978777974194600e+03,-5.782081661252308180e+01
-1.811999999999989086e+01,-3.669916733051868505e+03,-1.678734722310176863e+01
-1.820000000000004547e+01,-3.633206037615259902e+03,-2.350772949933201872e+01
-1.828999999999996362e+01,-3.639336149200504678e+03,-7.200133494374165366e+01
-1.836999999999989086e+01,-3.589649971347278552e+03,-1.335921709095561027e+01
-1.845000000000004547e+01,-3.568040658373681708e+03,-1.339520266803488902e+01
-1.853999999999996362e+01,-3.528789712336661978e+03,-2.329756380510440295e+01
-1.861999999999989086e+01,-3.507534948556941345e+03,-2.232109854604200194e+01
-1.870000000000004547e+01,-3.487785068008055532e+03,-3.018164151065621326e+01
-1.878999999999996362e+01,-3.505458298897602162e+03,-3.478837825609204515e+01
-1.886999999999989086e+01,-3.530860340006330262e+03,-3.002023195876288497e+01
-1.895000000000004547e+01,-3.501303388350457226e+03,-2.233842074629761143e+01
-1.903999999999996362e+01,-3.524128847686033168e+03,-2.175701296188817579e+01
-1.911999999999989086e+01,-3.499225126906875175e+03,-2.390309851866226509e+01
-1.920000000000004547e+01,-3.535517301713619872e+03,-1.086309485478781589e+01
-1.928999999999996362e+01,-3.505458298897602162e+03,-1.661534483873052892e+01
-1.936999999999989086e+01,-3.455456970371339139e+03,-1.201684552845528486e+01
-1.945000000000004547e+01,-3.406193898442355021e+03,-2.102741967148746838e+01
-1.952999999999997272e+01,-3.434530875828235366e+03,-1.100052168242582162e+01
-1.961999999999989086e+01,-3.397252270411572226e+03,-2.052456761006289199e+01
-1.970000000000004547e+01,-3.470072868873592142e+03,-2.920521976238395112e+01
-1.978999999999996362e+01,-3.484141629969763471e+03,-1.718010369410239946e+01
-1.986999999999989086e+01,-3.416175718503096050e+03,-2.310143790849673451e+01
-1.995000000000004547e+01,-3.290769160133038440e+03,-7.572767708955720423e+01
-2.003999999999996362e+01,-3.340742981132824298e+03,-2.225941809065118093e+01
-2.011999999999989086e+01,-3.493507133977702324e+03,-3.640018125323666709e+01
-2.020000000000004547e+01,-3.420899623373131817e+03,-3.095871709451956377e+01
-2.027999999999997272e+01,-3.417225715236830638e+03,-4.357201672983924112e+01
-2.036999999999989086e+01,-3.394094023860177003e+03,-2.527093983484073547e+01
-2.045000000000004547e+01,-3.372479375872604578e+03,-3.272957876059670212e+01
-2.052999999999997272e+01,-3.307284270237712917e+03,-1.649814495826156246e+01
-2.061999999999989086e+01,-3.276891548708121718e+03,-3.899773891068696940e+01
-2.070000000000004547e+01,-3.289169120291078798e+03,-3.360418326693227442e+01
-2.078999999999996362e+01,-3.311008794232238415e+03,-2.766147937222700293e+01
-2.086999999999989086e+01,-3.268874315267097245e+03,-3.422393822393821949e+01
-2.095000000000004547e+01,-3.307816450833488943e+03,-4.257303742961245518e+01
-2.103999999999996362e+01,-3.285434454132752762e+03,-2.027861555836046037e+01
-2.111999999999989086e+01,-3.264595183457292933e+03,-1.284081523911016198e+01
-2.120000000000004547e+01,-3.301960524267787605e+03,-1.065102094935030586e+01
-2.127999999999997272e+01,-3.280096203005942243e+03,-1.121405304792926749e+01
-2.136999999999989086e+01,-3.283299579361033921e+03,-2.455432254634859390e+01
-2.145000000000004547e+01,-3.264060131670370083e+03,-2.461320189169386197e+01
-2.152999999999997272e+01,-3.217911841758138053e+03,-1.668272258323842649e+01
-2.161999999999989086e+01,-3.186097938789231648e+03,-1.728921172988969701e+01
-2.170000000000004547e+01,-3.224367075481258780e+03,-1.882020215543208863e+01
-2.178999999999996362e+01,-3.246919630401453105e+03,-3.646245243975702266e+01
-2.186999999999989086e+01,-3.215220629297039522e+03,-2.476330250636643981e+01
-2.195000000000004547e+01,-3.192038907897217086e+03,-1.619665300087371662e+01
-2.203999999999996362e+01,-3.215758943922805884e+03,-1.076593178315352084e+01
-2.211999999999989086e+01,-3.235114284255368602e+03,-1.933204091182565421e+01
-2.220000000000004547e+01,-3.221678025143156447e+03,-2.689500468729074356e+01
-2.228999999999996362e+01,-3.118821306191136500e+03,-2.233810363537710586e+01
-2.236999999999989086e+01,-3.131886638428897641e+03,-1.577444474539544927e+01
-2.245000000000004547e+01,-3.090439974860793427e+03,-3.225884835284508512e+01
-2.253999999999996362e+01,-3.112280662594615478e+03,-1.581299212598425186e+01
-2.261999999999989086e+01,-3.135693360904767815e+03,-2.664074450084602219e+01
-2.270000000000004547e+01,-3.028968234600084543e+03,-3.526145404663922989e+01
-2.278999999999996362e+01,-3.073472503557402888e+03,-2.465623081645181003e+01
-2.286999999999989086e+01,-3.108462826354776098e+03,-3.764190152801358380e+01
-2.295000000000004547e+01,-2.988647113054325928e+03,-2.381050527331632694e+01
-2.303999999999996362e+01,-3.060860534688022199e+03,-1.756086897117092605e+01
-2.311999999999989086e+01,-3.021251085855876681e+03,-1.654469312096663813e+01
-2.320000000000004547e+01,-2.979782500802233244e+03,-1.773901042026085406e+01
-2.328999999999996362e+01,-2.980891112451798108e+03,-2.882191402746153130e+01
-2.336999999999989086e+01,-2.953129818578996037e+03,-3.281499688430381667e+01
-2.345000000000004547e+01,-2.911866226527541130e+03,-2.012582643190200926e+01
-2.352999999999997272e+01,-2.961468285124751219e+03,-5.889459122976898442e+01
-2.361999999999989086e+01,-2.947566028357960931e+03,-4.341259613385989979e+01
-2.370000000000004547e+01,-2.868141484936581492e+03,-3.597452942411307930e+01
-2.378999999999996362e+01,-2.856328661127919986e+03,-2.195423966362999124e+01
-2.386999999999989086e+01,-2.855765712180635091e+03,-4.222265050108626383e+01
-2.395000000000004547e+01,-2.861393427136885293e+03,-5.738258981721409668e+01
-2.403999999999996362e+01,-2.809469126344503820e+03,-2.661246211320222699e+01
-2.411999999999989086e+01,-2.808902883789728094e+03,-7.984301423939093922e+01
-2.420000000000004547e+01,-2.802671579926613049e+03,-1.303414462081128811e+01
-2.427999999999997272e+01,-2.787356036679031604e+03,-2.214355385920271502e+01
-2.436999999999989086e+01,-2.744659008338752301e+03,-4.281070134299722696e+01
-2.445000000000004547e+01,-2.664922073430309865e+03,-7.321594660542558586e+01
-2.452999999999997272e+01,-2.703455242001117767e+03,-1.950732090564959620e+01
-2.461999999999989086e+01,-2.702307670570594837e+03,-5.795649689263519377e+01
-2.470000000000004547e+01,-2.730947889157640475e+03,-1.372282724749092253e+01
-2.478999999999996362e+01,-2.788491523287749260e+03,-4.428084805653709566e+01
-2.486999999999989086e+01,-2.733806302880288968e+03,-1.257478297993453964e+01
-2.495000000000004547e+01,-2.701733823372436746e+03,-1.836376625232175996e+01
-2.503999999999996362e+01,-2.716067719613510690e+03,-1.775818298509591031e+01
-2.511999999999989086e+01,-2.668956584725879566e+03,-3.630148482892188611e+01
-2.520000000000004547e+01,-2.698289879053876575e+03,-1.320461692395654651e+01
-2.527999999999997272e+01,-2.686224433163685262e+03,-2.012418581347075985e+01
-2.536999999999989086e+01,-2.640672360484551973e+03,-1.329966887417218580e+01
-2.545000000000004547e+01,-2.674140837890651710e+03,-2.648874551971326241e+01
-2.552999999999997272e+01,-2.575063307975347470e+03,-2.098758981058131923e+01
-2.561999999999989086e+01,-2.569231305395967411e+03,-4.959002106180550840e+01
-2.570000000000004547e+01,-2.520074599222227789e+03,-2.406671538180489733e+01
-2.578999999999996362e+01,-2.596023528608257038e+03,-3.953992037640246338e+01
-2.586999999999989086e+01,-2.524182500104383962e+03,-1.173385918784691917e+01
-2.595000000000004547e+01,-2.541178603187125191e+03,-2.400357116828219617e+01
-2.603999999999996362e+01,-2.554632747967010346e+03,-1.227393771827706459e+01
-2.611999999999989086e+01,-2.541178603187125191e+03,-1.580722979374681181e+01
-2.620000000000004547e+01,-2.531805890098731197e+03,-3.458205034658882937e+01
-2.628999999999996362e+01,-2.467661598500304990e+03,-3.249595469255663005e+01
-2.636999999999989086e+01,-2.472977359144270395e+03,-1.771334068357221625e+01
-2.645000000000004547e+01,-2.469433909594092256e+03,-1.772115596735054055e+01
-2.653999999999996362e+01,-2.461751069207093224e+03,-2.778970999558368860e+01
-2.661999999999989086e+01,-2.400022377689039331e+03,-1.370412401720812845e+01
-2.670000000000004547e+01,-2.394658103700048741e+03,-1.729065538484376319e+01
-2.678999999999996362e+01,-2.354611069606839010e+03,-2.576600029837386074e+01
-2.686999999999989086e+01,-2.391676402912316462e+03,-2.684028809028808737e+01
-2.695000000000004547e+01,-2.355809398840059657e+03,-2.037007756563245664e+01
-2.703999999999996362e+01,-2.319179696051182873e+03,-3.972263429984266025e+01
-2.711999999999989086e+01,-2.376153692768100882e+03,-2.091615830977533008e+01
-2.720000000000004547e+01,-2.363594184569899426e+03,-1.855472766559868703e+01
-2.728999999999996362e+01,-2.406573851638838278e+03,-2.500452086266953344e+01
-2.736999999999989086e+01,-2.348616740547250174e+03,-1.559107196177963672e+01
-2.745000000000004547e+01,-2.313158859313020002e+03,-3.674087126040338802e+01
-2.752999999999997272e+01,-2.314363387730331397e+03,-2.047544793462778046e+01
-2.761999999999989086e+01,-2.283591351753043455e+03,-1.813591210114389085e+01
-2.770000000000004547e+01,-2.256947877908435203e+03,-2.850732407127756218e+01
-2.778999999999996362e+01,-2.309544189985490902e+03,-2.470579851474008493e+01
-2.786999999999989086e+01,-2.318577815408036258e+03,-2.708564363854338453e+01
-2.795000000000004547e+01,-2.336614646576894302e+03,-4.023706638755980691e+01
-2.803999999999996362e+01,-2.279358523923538542e+03,-6.653339356976130148e+01
-2.811999999999989086e+01,-2.340217158035733519e+03,-5.342527275444626866e+01
-2.820000000000004547e+01,-2.276333709337960954e+03,-2.480815004519433842e+01
-2.827999999999997272e+01,-2.256341316198628647e+03,-4.003458430869138596e+01
-2.836999999999989086e+01,-2.203394346228100858e+03,-2.014966555183946184e+01
-2.845000000000004547e+01,-2.205225925183403888e+03,-1.404050459761379877e+01
-2.852999999999997272e+01,-2.294465535559947057e+03,-3.622275665113483001e+01
-2.861999999999989086e+01,-2.207667381018624383e+03,-3.356491681227683443e+01
-2.870000000000004547e+01,-2.237515149955618199e+03,-4.560059037238873714e+01
-2.878999999999996362e+01,-2.273307755333747082e+03,-4.055542159596112128e+01
-2.886999999999989086e+01,-2.203394346228100858e+03,-5.434303739738521699e+01
-2.903999999999996362e+01,-2.199729935003603714e+03,-1.832623574144486867e+01
-2.911999999999989086e+01,-2.135946426891403917e+03,-4.310210026061628241e+01
-2.920000000000004547e+01,-2.166061377428902688e+03,-2.637793050782741133e+01
-2.927999999999997272e+01,-2.156240332421685707e+03,-2.026829268292682684e+01
-2.936999999999989086e+01,-2.121771809687884343e+03,-1.727128925746755783e+01
-2.945000000000004547e+01,-2.085915662730543318e+03,-1.858773621288083433e+01
-2.952999999999997272e+01,-2.149481392182802210e+03,-3.995599938781757032e+01
-2.961999999999989086e+01,-2.036818221584079311e+03,-2.368880956076361954e+01
-2.970000000000004547e+01,-2.121771809687884343e+03,-5.058020425401213060e+01
-2.978999999999996362e+01,-2.050521101544814428e+03,-3.920661605206073830e+01
-2.986999999999989086e+01,-2.150710713479867536e+03,-2.089686304514154358e+01
-2.995000000000004547e+01,-2.006213900462539186e+03,-3.566884786164992249e+01
-3.003999999999996362e+01,-2.068548348421830724e+03,-4.346525469583365009e+01
-3.011999999999989086e+01,-2.041180764846581951e+03,-3.052951213836966105e+01
-3.020000000000004547e+01,-2.061715188670203588e+03,-2.112966114807364804e+01
-3.028999999999996362e+01,-1.999953769223024437e+03,-1.878771341701099473e+01
-3.036999999999989086e+01,-2.011218495282146705e+03,-1.813600622810431773e+01
-3.045000000000004547e+01,-1.924449179507848385e+03,-3.793027465176674440e+01
-3.053999999999996362e+01,-1.999327487696180242e+03,-4.258880399189146715e+01
-3.061999999999989086e+01,-1.972979475007971132e+03,-2.010763454317897470e+01
-3.070000000000004547e+01,-1.996195347445168636e+03,-1.816995554168941496e+01
-3.078999999999996362e+01,-2.014969896346588484e+03,-2.000280133841724606e+01
-3.086999999999989086e+01,-2.004962264436323721e+03,-5.757974289053368722e+01
-3.095000000000004547e+01,-1.968579725279423656e+03,-5.532628942631290414e+01
-3.103999999999996362e+01,-1.933294705020166475e+03,-2.083869192673531856e+01
-3.111999999999989086e+01,-1.929504958134339859e+03,-6.001848210774675607e+01
-3.120000000000004547e+01,-1.934557556775636385e+03,-2.714917865283345222e+01
-3.128999999999996362e+01,-1.940237934148457725e+03,-2.902277725416273668e+01
-3.136999999999989086e+01,-1.867987979644077541e+03,-3.819781264859724246e+01
-3.145000000000004547e+01,-1.883252592313340301e+03,-4.066698307229868448e+01
-3.152999999999997272e+01,-1.855245273926320579e+03,-3.825845372281314383e+01
-3.161999999999989086e+01,-1.883887988793798058e+03,-2.096725460729257406e+01
-3.170000000000004547e+01,-1.877531761211015464e+03,-2.479909760151982567e+01
-3.178999999999996362e+01,-1.867351324204869798e+03,-1.846373939922326812e+01
-3.186999999999989086e+01,-1.880710503684531204e+03,-4.385796803291659529e+01
-3.195000000000004547e+01,-1.867351324204869798e+03,-2.419386541967187298e+01
-3.203999999999996362e+01,-1.874987861261007765e+03,-3.816454192731016093e+01
-3.211999999999989086e+01,-1.778361611579311557e+03,-4.506411283859593198e+01
-3.220000000000004547e+01,-2.026837788556178111e+03,-4.369153069153070135e+01
-3.227999999999997272e+01,-1.779005358824917948e+03,-4.506050164275983860e+01
-3.236999999999989086e+01,-1.771276984942507397e+03,-4.059348680516563945e+01
-3.245000000000004547e+01,-1.786726304553473710e+03,-5.209134576895363722e+01
-3.252999999999997272e+01,-1.798293826552340533e+03,-3.275105923734911073e+01
-3.261999999999989086e+01,-1.740288921118869666e+03,-4.527820275384491566e+01
-3.270000000000004547e+01,-1.779005358824917948e+03,-2.381769372545877061e+01
-3.278999999999996362e+01,-1.772565563706900093e+03,-3.221188547598043783e+01
-3.286999999999989086e+01,-1.746754632994017356e+03,-4.524177327218602329e+01
-3.295000000000004547e+01,-1.732523191036910475e+03,-2.007116950108809661e+01
-3.303999999999996362e+01,-1.724749946337138226e+03,-2.138676885841064745e+01
-3.311999999999989086e+01,-1.677951852980266949e+03,-2.411920798506857011e+01
-3.320000000000004547e+01,-1.720860501458053704e+03,-2.139712648317055610e+01
-3.327999999999997272e+01,-1.792512147707047006e+03,-3.855840000000000600e+01
-3.336999999999989086e+01,-1.695533102652162825e+03,-3.902672064777327421e+01
-3.345000000000004547e+01,-1.713075957523323495e+03,-3.115326815868142063e+01
-3.352999999999997272e+01,-1.609869626525947297e+03,-3.944512644242573174e+01
-3.361999999999989086e+01,-1.708531487365348994e+03,-3.182029102667744169e+01
-3.370000000000004547e+01,-1.702034924132163496e+03,-3.899514563106796317e+01
-3.378999999999996362e+01,-1.653796363203193096e+03,-2.549951163926420605e+01
-3.386999999999989086e+01,-1.709180854812450889e+03,-4.545388408374424216e+01
-3.395000000000004547e+01,-1.603950677467784317e+03,-3.947420147420147174e+01
-3.403999999999996362e+01,-1.639399129206728503e+03,-5.436554142204827400e+01
-3.411999999999989086e+01,-1.684467914336906915e+03,-2.149428362928727765e+01
-3.420000000000004547e+01,-1.683165124843295644e+03,-5.863028140459005044e+01
-3.428999999999996362e+01,-1.584189289888136500e+03,-3.297619047619047450e+01
-3.436999999999989086e+01,-1.592758527150931059e+03,-2.239990158287541888e+01
-3.445000000000004547e+01,-1.591440777804144318e+03,-3.953572307439914368e+01
-3.453999999999996362e+01,-1.583529739003082796e+03,-1.978733886197553105e+01
-3.461999999999989086e+01,-1.706583070005267928e+03,-6.755332740357403054e+01
-3.470000000000004547e+01,-1.564379168874247625e+03,-2.380148148148148124e+01
-3.478999999999996362e+01,-1.558426593574077060e+03,-4.631496581830162285e+01
-3.486999999999989086e+01,-1.559088208696141010e+03,-3.241780596277384774e+01
-3.495000000000004547e+01,-1.613813171033227263e+03,-1.971288343558282463e+01
-3.503999999999996362e+01,-1.578251381523640475e+03,-4.620080519267109764e+01
-3.511999999999989086e+01,-1.559088208696141010e+03,-3.109463020919123721e+01
-3.520000000000004547e+01,-1.584189289888136500e+03,-3.693333333333333002e+01
-3.528999999999996362e+01,-1.539216012530513126e+03,-4.642585865257596112e+01
-3.536999999999989086e+01,-1.485314223907626911e+03,-4.006150777159005827e+01
-3.545000000000004547e+01,-1.431720496633979337e+03,-4.032967952472596807e+01
-3.552999999999997272e+01,-1.494656474503713298e+03,-8.403138231631382382e+01
-3.561999999999989086e+01,-1.583529739003082796e+03,-3.100016421709500136e+01
-3.570000000000004547e+01,-1.517964677384901961e+03,-4.255894039735099454e+01
-3.578999999999996362e+01,-1.534572084581875743e+03,-2.654440313919867833e+01
-3.586999999999989086e+01,-1.548495822127576957e+03,-2.649843311891802955e+01
-3.595000000000004547e+01,-1.512643047511576697e+03,-4.657968853545394694e+01
-3.603999999999996362e+01,-1.515969479295413521e+03,-2.328020203692970114e+01
-3.611999999999989086e+01,-1.517964677384901961e+03,-3.125422185430463884e+01
-3.620000000000004547e+01,-1.489319376059733713e+03,-3.136587189499044825e+01
-3.627999999999997272e+01,-1.455211761233967763e+03,-5.696687802436175474e+01
-3.636999999999989086e+01,-1.506651996892051102e+03,-3.995523501616514039e+01
-3.652999999999997272e+01,-1.475292598288781164e+03,-2.540396138482023858e+01
-3.661999999999989086e+01,-1.421631744104297468e+03,-2.759324731903485528e+01
-3.670000000000004547e+01,-1.488651989360558900e+03,-1.601794616151545370e+01
-3.678999999999996362e+01,-1.479302748966953004e+03,-2.071394110796872567e+01
-3.686999999999989086e+01,-1.434408692091174998e+03,-2.553358427436219102e+01
-3.695000000000004547e+01,-1.433064706811145470e+03,-2.957014975320003458e+01
-3.703999999999996362e+01,-1.433064706811145470e+03,-1.344097716054546865e+01
-3.720000000000004547e+01,-1.379120073632633193e+03,-2.029731323170218005e+01
-3.727999999999997272e+01,-1.379120073632633193e+03,-1.353154215446812181e+01
-3.736999999999989086e+01,-1.337062385937292902e+03,-2.856540513081025878e+01
-3.745000000000004547e+01,-1.181170252701946993e+03,-5.963725828729280920e+01
-3.752999999999997272e+01,-1.339102512932385480e+03,-1.359911968850516217e+01
-3.761999999999989086e+01,-1.297517746580541370e+03,-3.417425338211520369e+01
-3.770000000000004547e+01,-1.352690134575248294e+03,-1.357613655568700395e+01
-3.778999999999996362e+01,-1.366254811895068769e+03,-1.355323097688543932e+01
-3.786999999999989086e+01,-1.386558976382531910e+03,-2.027852574890609105e+01
-3.795000000000004547e+01,-1.379796622249700476e+03,-1.353040256021559706e+01
-3.811999999999989086e+01,-1.441125247666414452e+03,-2.014124529878813519e+01
-3.820000000000004547e+01,-1.332300073708036962e+03,-2.041596069129109026e+01
-3.828999999999996362e+01,-1.305032566195646723e+03,-4.779921795307718924e+01
-3.836999999999989086e+01,-1.243340139075418165e+03,-3.440551653246530606e+01
-3.845000000000004547e+01,-1.229566130213679799e+03,-4.135747382872833100e+01
-3.853999999999996362e+01,-1.206095975165936125e+03,-1.036962134251290877e+02
-3.861999999999989086e+01,-1.294783340971635198e+03,-2.734871052855562112e+01
-3.870000000000004547e+01,-1.302983767034700350e+03,-2.595476575121163165e+01
-3.878999999999996362e+01,-1.307080842948065538e+03,-3.754695334409789353e+01
-3.886999999999989086e+01,-1.362865789358196707e+03,-1.898253017132247322e+01
-3.895000000000004547e+01,-1.293415789044600615e+03,-2.393419596492721624e+01
-3.903999999999996362e+01,-1.297517746580541370e+03,-6.493108142601889199e+01
-3.911999999999989086e+01,-1.294783340971635198e+03,-2.051153289641671407e+01
-3.920000000000004547e+01,-1.216458909305761608e+03,-4.142501074344649936e+01
-3.928999999999996362e+01,-1.426341405447796660e+03,-8.407644645398978867e+01
-3.936999999999989086e+01,-1.244716241862509150e+03,-2.063977389516957928e+01
-3.945000000000004547e+01,-1.242651999271168052e+03,-2.752677118135868994e+01
-3.952999999999997272e+01,-1.240587226094397465e+03,-2.891053984575835401e+01
-3.961999999999989086e+01,-1.281097333742574619e+03,-6.163952596129251305e+01
-3.970000000000004547e+01,-1.230944594395526337e+03,-3.445864790665751798e+01
-3.978999999999996362e+01,-1.210242753198314404e+03,-4.145707896094959466e+01
-3.986999999999989086e+01,-1.381149548568687806e+03,-1.055193667901650230e+02
-3.995000000000004547e+01,-1.268073993716956693e+03,-3.978770281810417941e+01
-4.003999999999996362e+01,-1.195027423638644450e+03,-2.146009996552912469e+01
-4.011999999999989086e+01,-1.289995890316969735e+03,-5.062527678419349542e+01
-4.020000000000004547e+01,-1.168678327938332586e+03,-4.167214248659865206e+01
-4.027999999999997272e+01,-1.231633737792337342e+03,-4.410328557948014350e+01
-4.036999999999989086e+01,-1.112922421296259245e+03,-4.196238899529861754e+01
-4.045000000000004547e+01,-1.063816513420872752e+03,-3.518307638402242077e+01
-4.052999999999997272e+01,-1.181863679263731001e+03,-8.112740612861458089e+01
-4.061999999999989086e+01,-1.145029336920690184e+03,-1.198123482483524072e+02
-4.070000000000004547e+01,-1.208860731689529530e+03,-7.118023055746731131e+01
-4.078999999999996362e+01,-1.162425073287043688e+03,-4.865536038764385296e+01
-4.086999999999989086e+01,-1.201255360376496355e+03,-6.433040557995349218e+01
-4.095000000000004547e+01,-1.244028219935832567e+03,-2.132959314775160564e+01
-4.103999999999996362e+01,-1.158948938393559956e+03,-5.076255193905817720e+01
-4.111999999999989086e+01,-1.212315339750340399e+03,-2.348628428927680289e+01
-4.120000000000004547e+01,-1.254342366441618879e+03,-6.734251497005988085e+01
-4.127999999999997272e+01,-1.110824027797453482e+03,-2.658312287729687284e+01
-4.136999999999989086e+01,-1.129689865199376527e+03,-1.116663770634230985e+02
-4.145000000000004547e+01,-1.179089613795429159e+03,-7.352542958293757636e+01
-4.152999999999997272e+01,-1.154079821043113952e+03,-8.558328280640969865e+01
-4.161999999999989086e+01,-1.181170252701946993e+03,-6.241108425414363126e+01
-4.170000000000004547e+01,-1.208169631762230892e+03,-2.073388970145401444e+01
-4.178999999999996362e+01,-1.221980346072673001e+03,-4.967585673795414181e+01
-4.186999999999989086e+01,-1.165899704596894480e+03,-2.153805569970593581e+01
-4.195000000000004547e+01,-1.198487984584765854e+03,-4.843741924369023621e+01
-4.203999999999996362e+01,-1.167289136408714057e+03,-5.001521964718089919e+01
-4.211999999999989086e+01,-1.195719655101005628e+03,-2.422705730288668491e+01
-4.220000000000004547e+01,-1.100323830232515547e+03,-3.502354377397977458e+01
-4.228999999999996362e+01,-1.237833369365336239e+03,-4.957791873821360440e+01
-4.236999999999989086e+01,-1.087003846380308914e+03,-4.209799982531225737e+01
-4.245000000000004547e+01,-1.087003846380308914e+03,-4.209799982531225737e+01
-4.253999999999996362e+01,-1.139454735725423234e+03,-1.010747136410968494e+02
-4.261999999999989086e+01,-1.089108470644563567e+03,-2.525218302479915877e+01
-4.270000000000004547e+01,-1.079984447122058100e+03,-4.213480199318122743e+01
-4.278999999999996362e+01,-1.158253530870293162e+03,-2.642662972902778762e+01
-4.286999999999989086e+01,-1.157558063141188995e+03,-4.172987012987012889e+01
-4.295000000000004547e+01,-1.058889371973959214e+03,-4.224559558243491608e+01
-4.303999999999996362e+01,-1.122707683099649330e+03,-4.191130434782608916e+01
-4.311999999999989086e+01,-1.069443834141368598e+03,-6.539469537815125477e+01
-4.320000000000004547e+01,-1.055368134026899952e+03,-2.254086285513854548e+01
-4.328999999999996362e+01,-9.311421793825271607e+02,-4.292278920651883567e+01
-4.336999999999989086e+01,-1.039856323712259837e+03,-3.175935687928307161e+01
-4.345000000000004547e+01,-9.753737298564586808e+02,-3.414967673368169443e+01
-4.352999999999997272e+01,-1.031382694234549035e+03,-4.239050131926121168e+01
-4.361999999999989086e+01,-1.172150256072943193e+03,-7.011779448621554423e+01
-4.370000000000004547e+01,-9.959793755807015714e+02,-4.257773851590106062e+01
-4.378999999999996362e+01,-9.959793755807015714e+02,-4.257773851590106062e+01
-4.386999999999989086e+01,-1.109424794210914797e+03,-4.198066370525216229e+01
-4.395000000000004547e+01,-9.988173900952954227e+02,-1.986259272341928295e+01
-4.403999999999996362e+01,-9.767965070475670473e+02,-1.280386079872487315e+01
-4.411999999999989086e+01,-9.611320808819413060e+02,-3.207213202022889931e+01
-4.420000000000004547e+01,-9.575677199946023848e+02,-1.853878927747203775e+01
-4.427999999999997272e+01,-1.010867778412874600e+03,-2.124944890221320648e+01
-4.436999999999989086e+01,-9.760851499516850254e+02,-1.493916046758767280e+01
-4.445000000000004547e+01,-9.397221534959405744e+02,-3.716003914242504180e+01
-4.452999999999997272e+01,-9.482929731940499778e+02,-1.284937350039989212e+01
-4.461999999999989086e+01,-9.354333119632012767e+02,-1.000996884735202563e+01
-4.470000000000004547e+01,-9.432944397646214156e+02,-3.214342877467543502e+01
-4.478999999999996362e+01,-9.497205545022320621e+02,-1.356081741448245381e+01
-4.486999999999989086e+01,-9.468651381387444417e+02,-1.713554350724379916e+01
-4.495000000000004547e+01,-9.654072273372904647e+02,-1.709603617983506396e+01
-4.503999999999996362e+01,-9.561415326850418523e+02,-1.426313920454545325e+01
-4.511999999999989086e+01,-9.532883982206658402e+02,-2.068889875666074829e+01
-4.520000000000004547e+01,-9.325728116213929297e+02,-2.145757278960021708e+01
-4.527999999999997272e+01,-9.411512586411436132e+02,-1.357529129235968846e+01
-4.536999999999989086e+01,-9.447229095825581453e+02,-2.213931365576102195e+01
-4.545000000000004547e+01,-9.368631802475032373e+02,-1.787176292604787875e+01
-4.552999999999997272e+01,-9.168218261827831839e+02,-1.289981265054866633e+01
-4.561999999999989086e+01,-9.110865291966280211e+02,-1.434336219980358784e+01
-4.570000000000004547e+01,-8.974487651204070744e+02,-3.591933464496511874e+01
-4.578999999999996362e+01,-9.024758986267482896e+02,-1.292287067655733424e+01
-4.586999999999989086e+01,-8.988854100316849554e+02,-1.436516452074391914e+01
-4.595000000000004547e+01,-9.404367378490336478e+02,-1.429105141433908521e+01
-4.603999999999996362e+01,-9.340031891180495904e+02,-1.358737648001424425e+01
-4.611999999999989086e+01,-9.261329591409233899e+02,-1.216904295134556868e+01
-4.620000000000004547e+01,-9.139546895412993308e+02,-1.003676929941990181e+01
-4.628999999999996362e+01,-9.254171011891953640e+02,-1.145423759023259791e+01
-4.636999999999989086e+01,-9.003217980551811479e+02,-1.508072590738422747e+01
-4.645000000000004547e+01,-8.952933158878499853e+02,-1.365301010823866257e+01
-4.653999999999996362e+01,-8.902616840290100981e+02,-1.150447547440028728e+01
-4.661999999999989086e+01,-8.873850501576248462e+02,-1.726289398280801990e+01
-4.670000000000004547e+01,-8.556739018528453471e+02,-1.372051420352391204e+01
-4.678999999999996362e+01,-8.895426221299488816e+02,-1.366278757497090801e+01
-4.686999999999989086e+01,-8.715451238994505729e+02,-1.873838148214606036e+01
-4.695000000000004547e+01,-8.527848530894626720e+02,-1.155827338129496340e+01
-5.100000000000000000e+01,-6.723424916202450277e+02,-2.955210153591465527e+01
-6.300000000000000000e+01,4.837448601376777333e+02,-1.829868662764154408e+01
