date,DR_drops_per_min,DR_gap_days,Ca_ppb,Co_ppb,Ni_ppb,NiCa_umol_per_mol,CoCa_umol_per_mol,B_ppb,Na_ppb,Mg_ppb,Al_ppb,P_ppb,K_ppb,Ti_ppb,V_ppb,Cr_ppb,Mn_ppb,Fe_ppb,Cu_ppb,Zn_ppb,As_ppb,Rb_ppb,Sr_ppb,Y_ppb,Ag_ppb,Cd_ppb,Sn_ppb,Sb_ppb,Cs_ppb,Ba_ppb,La_ppb,Ce_ppb,Hf_ppb,Ta_ppb,Pb_ppb,Th_ppb,U_ppb
2007-12-13,13,0,68288.636590006,0.5420467550596368,5.580953336376304,55.805,5.398,2832.9168228310823,6500.777739000438,31512.348254174547,947.334449955832,24.480459992578705,1706.55937667655,10.997377356202843,0.2700389108595537,0.8677606571948699,1.3903677468756355,1513.542141067745,2.422969083514696,8.608417167955182,0.7702582452721032,1.3920341507782767,75.77155459358747,0.1457545177827974,-0.012295660389357149,0.013807275615021845,0.09429559956299542,0.08728657317337175,0.03352883684449869,176.81475315367064,0.1081839822929587,0.16971233386652185,0.48033228019239665,0.0027830798877766984,0.33419729831545586,0.03457194836360339,0.5651684934823817
2008-01-25,16,0,66712.12200241348,0.4694780217502311,5.0634247097651,51.827,4.786,1471.215445372781,4870.410820750694,32545.103797289077,566.1525661383346,24.74669605425023,1204.5017354502859,7.593831840956686,0.2243832592442994,0.5933710017848657,1.0785137502161373,1454.5259711222993,2.0161923009318374,8.546585825563922,0.7133316915515359,0.7425824111295092,74.56142312395312,0.09806251816878783,-0.007032483190993966,0.01200859661673934,0.035288677834190055,0.08159568563180716,0.027848509629202066,169.51585840037498,0.06213365514718215,0.10357283433337892,0.4616259195631675,0.0011855834278066426,0.8343487439503634,0.00894992652096726,0.5691993354726803
2008-03-09,15,0,66148.85134715137,0.4943205219994586,4.491710237778549,46.367,5.082,1576.8511529353987,4957.3766184887245,32343.465200298873,958.5174747470079,23.561948420062475,1030.2370829851227,12.674189452061126,0.2620172899353273,0.7986815893861964,0.9518937299704897,1440.1416027133355,1.490366116952115,7.111686815620593,0.6558620808771064,0.5904753246564469,75.1205948390876,0.11841173617564558,-0.037248135079164496,0.008797411434059689,0.03966104641469812,0.059887518709173616,0.024281380516710794,172.28728543358432,0.15948375236005083,0.295455024652128,0.25299922948300796,0.00108043202274072,0.7864406601499836,0.021443058991170917,0.583377531170368
2008-04-20,14,0,64313.80795536332,0.576181220521832,4.735626399051997,50.279,6.093,2052.249440404866,7164.210982367642,31004.19243410104,1604.2640608557601,141.68373791805755,1123.2374240915667,19.683027438745942,0.38006675517558625,1.2277725806072834,6.489009210118566,1452.4518686974686,1.8484025145451333,9.820534273307738,0.6371763559295348,0.7367744366248559,74.67291021486268,0.22131186323776172,0.019386271851322346,0.01156037977239181,0.04076337446323127,0.17416451912293973,0.03035258204067971,171.6268637234622,0.27801843436316415,0.5493104644104123,0.3360545309728463,0.0018211101933170713,1.0393628634497294,0.039407868632409825,0.6032400081197213
2008-05-28,32,0,69355.78765728886,0.5246319105117627,4.45011969042823,43.813,5.144,802.7182873782867,4303.104591402129,32942.71916368547,614.4920142747116,15.474071129714924,888.1858852588749,9.258075903605294,0.24167338763293755,0.597625265066328,0.4449647935307051,1491.84920930139,0.8242294182125449,2.473761898428411,0.6688380622087151,0.41998476367229726,76.5852691583418,0.07787720813341996,-0.020114783206283904,0.004196748519246806,0.013722298093270933,0.0653718335868857,0.021281888911996755,184.12852024690935,0.10032564627258951,0.18002685157584875,0.2175746850749467,0.0013177557412303626,0.45644624133880773,0.01742177421843764,0.5596899260689131
2008-07-07,35,0,68865.97571715522,0.5511406192903885,4.593236105669938,45.544,5.443,1292.0373339463124,5603.427726289366,32365.08539065704,1157.152480157185,939.9607261184212,1100.4542607227695,18.556654641606546,0.33327448639892193,0.7797007120388721,8.490832864760518,1491.8442488492735,1.865732247748963,12.611896729727112,0.8080177235558685,0.45919420993603516,77.77290267600677,0.15874588478582072,-0.0009011851972832846,0.016408579508947238,0.018669700317815254,0.10952045484529227,0.02729605298343506,188.21314127723338,0.18978288116099207,0.3590479577245208,0.25585550834356535,0.0004982218307726335,0.7501828046508113,0.024032784939294914,0.5799252993912107
2008-08-19,33,0,70814.44497500698,0.5284733764350084,4.747738955984908,45.781,5.075,875.3809402300955,4470.5232360336895,32496.745117004222,795.3274387428737,15.988611135175406,893.5574470413958,11.108343213213956,0.24354553918247812,0.6926453373352803,0.9305679609414005,1515.4048549712054,1.1655449452949318,20.55187988106695,0.7444689029080299,0.41369129073074457,77.63924910356552,0.09896528965820929,-0.015166532390630481,0.006274320820267925,0.05402363726322353,0.10818350023921147,0.0261951634905545,186.48288935911367,0.12765833633137968,0.23484878635272832,0.20308920283567883,0.0013312236659632794,0.46564344649196837,0.020973539728746524,0.5585358620296488
2008-09-28,16,0,67487.98354046747,0.5466367218914585,4.507711876952861,45.609,5.508,1063.6416155348875,5275.1964841132285,32720.965298104173,868.5248221311869,11.055877266231654,893.5597937251115,12.303449323318231,0.2762993462790826,0.6347653099684751,0.4234227495571694,1520.9630811306781,1.0564091781427403,5.768333375852142,0.7624847008494808,0.4050474675531696,76.80275676027507,0.10858906333276797,-0.013782494850682976,0.0048309273434837,0.01031584105277665,0.053142660087830675,0.02211535351515801,184.78237317742585,0.14246268820043811,0.27495408826436374,0.23346274060898184,0.0015077338146076795,0.3977164036854155,0.023401746253301173,0.5687827586763556
2008-11-09,25,0,66411.24905097536,0.5484937247530003,7.127023729087258,73.28,5.617,773.6411294241525,4415.619445282965,31904.653097243852,654.0949490627428,12.606957123382207,800.8899260825407,9.730150387356899,0.24038139550787702,0.5387202980252552,0.2345599460370715,1449.3066730757496,1.7031756312411335,2.990567053159019,0.7235507717705382,0.3313767102671448,75.88550353452314,0.08308494865512198,-0.025845424374735387,0.005500474594075401,0.010345378023162256,0.05158258129721643,0.023520196043369523,176.1269668679861,0.10305079684767852,0.19360379950082046,0.23825025932369068,0.0009360342542687962,0.3954296591350649,0.016218104427884007,0.5530761551538976
2008-12-23,18,0,68203.95193935362,0.5172837758011675,4.470737338523627,44.76,5.158,653.7719627624555,4012.363456647756,32765.525136456505,551.5982399066793,11.761018439962386,788.3193939385555,8.327123966089939,0.22145179148272104,0.5167718957610222,0.15243381988368998,1474.967173330196,0.595372991846267,1.8061093236890906,0.6281324500260885,0.3114003066957982,75.1944121235879,0.07208830326039607,-0.019800811067978718,0.007848325536223614,0.006154045405224577,0.045971879841306906,0.020584468569038818,173.43305081236724,0.09132410952846999,0.15925247057855585,0.2084812690530868,0.0008237200813802245,0.31300159657701154,0.0124006819996386,0.5689376550435481
2009-02-06,20,0,66055.1351817821,0.5485897428985671,4.698999124440217,48.575,5.648,781.5628629971261,4575.245576058825,32340.478924444586,691.2330216889478,15.90169191976759,942.3781943214693,10.577218832164927,0.24662114584583864,0.6123877024186936,0.8709527520427256,1461.7738832280331,1.1112545341206075,3.703891092158448,0.6582298233346424,0.40634123039168424,75.37221643479768,0.09389639972793372,-0.01656784289356693,0.00905134024651363,0.024843891219219053,0.0760139592016386,0.024948820083389608,170.0080997064635,0.11730227322542257,0.2177567510192319,0.23052283183064454,-0.00010858524646138383,0.4341740283320892,0.016734007264257528,0.5668968053842501
2009-03-16,16,0,66577.08923049517,0.5482443725377405,4.357681111932008,44.694,5.6,670.3709614966134,4174.299092765817,32440.146857117386,672.7716733581132,12.211903954306274,775.3821618547735,9.627352585054027,0.22173434264253067,0.5819532197807314,0.27766763651193926,1452.167670622354,0.6434589611873769,2.9335795339706987,0.8841433956864541,0.3307934646144459,73.39886625816376,0.08338089324694953,-0.024313927532319077,0.006730867210166633,0.0365122931476025,0.04944816492763615,0.02184359642119285,169.81975932390853,0.11214090487627701,0.20609430961559902,0.23485511540355047,-0.00010970821660961794,0.9772454449151174,0.01751836791844921,0.5561951134157478
2009-04-25,16,0,68835.95734049544,0.5422111293157819,4.96813036270493,49.283,5.357,867.6576294879925,4900.126370054099,31885.817741422456,969.7219227952846,19.001697867148998,937.8450513520651,12.573753247641477,0.2405924263184204,0.7034810202960418,0.3145468719060251,1474.5643364706373,1.4073867721040483,3.631163377455127,0.6735779914091662,0.5120969510161452,73.77582469103174,0.11307684452891269,-0.02647838194840222,0.008755025642979485,0.03380939925134322,0.05335102461913386,0.026407388975166018,168.21944953229445,0.14285661243097622,0.27409265617421863,0.314956718421503,0.0009724914623606328,0.49748536084196276,0.020733371183505794,0.5528621647738935
2009-06-08,30,0,68796.1015540246,0.5430918254446369,4.781930255477205,47.463,5.369,721.0620137015871,4831.061082056687,33508.562726664284,765.6423747632317,9.754161150222755,912.875989370806,11.208264391245015,0.24832132365068313,0.5791048792636329,0.2889506815871268,1495.55399537488,0.7423531398130905,1.913354961632626,0.6331945628681963,0.38755595172034546,76.49802929332039,0.087283004975987,-0.01195450566263111,0.0048280050426084105,0.0074610351226389905,0.09290595980336366,0.02112933557033671,179.7236604838866,0.11471067938704109,0.21786867120230122,0.2347481335715919,0.0006715880513707127,0.4355813637465644,0.01330955892413923,0.591411287149066
2009-07-13,34,0,70468.26239327,0.5718362357780012,4.783731566173985,46.354,5.519,449.1413678916778,3553.421335507663,33389.11164456536,523.2161115142198,13.131528969243757,860.8732543835174,7.844675779268245,0.2303436006096683,0.4540055724509285,0.1639928374145006,1510.6145651735235,0.5781510281982106,2.422419763404039,0.6417294001049837,0.3361459171437135,77.3651625990846,0.0591988347172706,-0.024069415099336133,0.006126418599082052,0.01520625375994792,0.0415982495403181,0.026334128012237983,192.37511375555886,0.08253547968753354,0.1409951574826451,0.1949259837112662,0.000528193517860639,0.3204361151411322,0.0091997768366568,0.5770135882120728
2009-08-23,19,0,66653.36083375968,0.5473466603511127,5.368981132656164,55.003,5.585,837.4265075617205,5401.140405445322,32137.503795275745,1055.4498230578367,24.47722359802837,1111.6505806082382,14.406992518457278,0.3108076195064447,2.183799301912029,0.9494121170321652,1454.9661695607936,3.458603680877559,18.602788882910275,0.7236425987723797,0.5876131361202966,78.72440723388829,0.11679303535864688,-0.0210273907401283,0.006746459507193998,0.015762053945652884,0.05411673687751672,0.02507291459558206,188.79842156334934,0.15344879697613298,0.29229339008214716,0.2803395700259234,-0.0005312425373242337,0.5263082791625495,0.025636121560268076,0.5664866763048921
2009-10-05,13,0,67270.95760598006,0.5553878187084482,4.540981703006113,46.093,5.615,838.2776323320602,5529.779274191584,32814.5721153607,1059.320745953278,15.360021969729738,874.0003976444291,14.003956544486073,0.2626812041821901,0.7051341855387558,0.5142803648504444,1418.1891677822318,0.7747956160031049,3.2950524533682866,0.63940709370672,0.38335937319251634,76.47917340124867,0.1313596553565481,-0.025821807843245916,0.007195546089902157,0.01635871512322604,0.05548370664850691,0.027519811572507366,178.18042403758696,0.1634320950140558,0.3055987271048016,0.24271700613343467,-0.0001875999058708588,0.7466366863518025,0.022408992473504346,0.5423790941128128
2009-12-23,13,0,67882.41083996979,0.5228618010080768,4.527310891799078,45.541,5.238,529.413892979623,4637.701351654163,32926.24293935091,630.4774523577914,8.069006727250562,859.1604837140983,9.483898197032934,0.22610127265920385,0.5595733263314194,0.3058818811420561,1441.7886889848573,0.8332051208720236,2.288225566733245,0.6318994921034178,0.36544215474498365,74.61707091455484,0.0756175328133176,-0.029519005110789698,0.00481894069819606,0.006951079619420359,0.04716510377251295,0.020729533899017077,170.91417086319416,0.09616609747607226,0.17228187956226365,0.2000854741972493,0.0006502566132879745,0.49680635100782344,0.012937492449437033,0.5697813424481928
2010-02-03,13,0,65928.80260151437,0.5479864529277516,4.887198088724187,50.618,5.653,583.1320827892367,4741.987938970146,32539.51978530967,710.5535824741156,16.580206571248848,803.8251027913711,10.816243792446096,0.23292309691774732,0.6366936193437608,0.33396220487173234,1438.9926604339882,0.7546288673559486,3.861694271205233,0.7745496812119799,0.3449272709098554,76.27729749896211,0.08570644542738196,0.005762623467446064,0.0062577793016464,0.0074816728595572144,0.034116366036378624,0.020519436566793937,173.77315410640188,0.11471248858913023,0.2099822263308504,0.2526250151343667,0.0004097100040397046,0.4510889563506968,0.017036010199137735,0.5844670135941447
2010-03-11,13,0,65331.53857826186,0.5581288914159115,4.927552433808862,51.502,5.81,476.25968174857826,4464.488613601326,32163.46148782781,654.2463257299748,17.677030064970022,950.2877448395996,9.864656472563388,0.2081598857771299,0.5251242711688051,0.8278002333509773,1407.9801698802528,1.1806686657225214,4.70891993494238,0.8574028502743694,0.5042174802888995,72.63880801575583,0.08180913057808589,-0.03016838854688548,0.006761238055222153,0.008887875296149138,0.04320245784166335,0.014301341312544881,167.00464876730058,0.09536073020742585,0.198651057349096,0.2278164017409101,-0.0006786866648781038,0.554397434997948,0.013771162717899195,0.5712696170970079
2010-04-22,13,0,55821.77763070965,0.44679600561519084,4.309601408835925,52.717,5.443,341.9320122063946,4453.023875232035,32331.04037850847,533.8666821483115,16.445587612409405,1224.7766295194865,7.962022542608967,0.23637580925359924,0.5413736310603726,0.8114897408985304,1114.6760219095042,1.4178500866885764,6.794133398017486,0.9999323180631439,0.6719146596736875,72.07753233892825,0.06098840979575722,-0.007451568633476974,0.010154404634313975,0.03165487491069322,0.06015232178455787,0.01930751961580786,162.72074294741353,0.08662541261209046,0.14733329567069844,0.1790689199397972,0.000799589550521318,0.6754099673360896,0.012651491314109795,0.5492990006289796
2010-06-02,13,0,64973.42004470276,0.5501890600674452,5.332383519649281,56.041,5.759,1298.81330828928,8655.254946028219,31907.465205575732,1991.4536290957822,73.87942807215067,908.9781183853514,26.98331626348296,0.4395907181268354,4.6784732390858155,7.354638597873184,1419.5109787947724,1.801513894115116,5.022372364109721,0.8759271522821684,0.7316246271681541,76.69064255502597,0.5430572997130009,0.0131108702366414,0.005318713778753832,0.07639080350586068,0.0590578622817534,0.3149306721083923,170.06437773421098,0.6082061242549269,1.37823439372661,0.11166843106823725,0.0007253468768203957,0.6967837129661127,0.15316103292456826,0.6254347237871867
2010-07-11,16,0,65376.08076720123,0.5401089191738022,5.052738836022433,52.775,5.618,1335.3917537270902,9127.802263396234,31712.73404771594,2086.2453736285584,33.388647550085764,918.2336131128515,26.78882195412725,0.40255335446705137,5.226642282615525,1.187786320033024,1387.550809609335,1.14522168250821,11.903454903975552,1.0523654705522396,0.6373698774688865,76.19246085965942,0.4768708062934011,-0.02395180656900654,0.005337528626643516,0.32259198942894707,0.07687703408625587,0.3535244138059623,183.57283249480002,0.5619417552393866,1.3259673472087246,0.12028988921266788,0.0011985730123004448,0.4802135330836328,0.15868311315526828,0.5943832012333797
2010-08-13,28,0,67720.1959602147,0.6025343141423629,5.667579588891558,57.147,6.051,1325.9108692982402,8360.428644304451,33492.219187650975,1939.9400728449266,10.424553777817813,1013.8755421167534,37.10757909568557,0.46350933872283917,4.343006782447164,0.8700195518199189,1469.9194844539884,1.5183666165362055,2.994872082387605,0.9126731582859497,0.7288170012836679,81.10097177539028,0.44139911672062543,-0.011066469338116659,0.004491396444873672,0.04764880987294758,0.0650150164710151,0.33596122901163333,199.47329287188435,0.5219773721971759,1.2255494747294566,0.10923108140345335,0.0008859915466921205,0.5505538709147364,0.12032110891945727,0.6093728578213504
2010-09-19,28,0,68222.05222657685,0.6051862233308714,5.88616366542206,58.915,6.033,1755.9265969163694,9141.23134220253,32551.995992004096,2130.545209340013,27.749615364123862,921.6956843778861,41.43794628068686,0.44818974493357794,5.732242161021824,0.990226372106224,1424.5688493342486,1.238202117212572,2.659039969060622,0.944784750958742,0.7143275816153084,84.055067072357,0.5230393952519268,-0.016895912511536267,0.005181461547810057,0.12747724283960457,0.06577364271088841,0.3861563724483426,197.82349707523005,0.6254760828247565,1.4276007230690755,0.16423096244811236,0.00016490384768285223,0.791834323146192,0.15798752366184,0.6540832190319898
2010-10-29,22,0,67843.49066225011,0.572114590788945,5.40649953982622,54.416,5.735,1434.0824033907977,8622.194249862849,32910.78765957857,1914.361264930318,36.146909427586216,894.2332400565726,34.27778187771776,0.39114181455510566,4.804949372704623,1.1667387462354122,1413.4840566205114,1.0867680890839535,5.683845598873085,0.943800942082903,0.615939196980298,78.73512095679737,0.4218371825146771,-0.00599245052699553,0.00502951629914983,0.05450407837420766,0.060933318382843715,0.3439787254845452,173.96351774380267,0.5005261890301468,1.202022901883813,0.16204854667329072,0.0003701229387010258,0.5908180705671593,0.12152388780207064,0.6009545967527514
2010-12-14,16,0,57978.012516660274,0.490192744146668,5.7828136712930736,68.107,5.75,1595.0004436317167,9322.979719822666,32420.517104568702,2058.7778354674633,27.062203905783008,1088.4522577055586,37.0549608923171,0.4145562620188003,4.786517011612814,1.024818635512514,1125.6255602051497,3.047198759671363,12.187788810595482,0.9435321168649491,0.8218765731940016,72.22807385781013,0.4480945110204974,0.00294707534679767,0.007997062365234599,0.2058118781261542,0.08221385601634273,0.37170734715656634,161.17070215650253,0.5023403894916321,1.208639099667537,0.14016943655952685,-0.0006919666298718017,0.7641661184145622,0.10489850830361981,0.5839635387431723
2011-01-24,13,0,68044.46425082105,0.7788162441816415,5.4096290839759265,54.286,7.784,1159.9129915075223,7781.769304846214,33465.26841678368,1826.0667747590655,12.157161652102868,866.9870189956873,34.390170091592594,0.38343740965676965,4.310989803569728,0.796417373221922,1415.6162855885143,0.8648736094803826,20.960401472160804,0.8833816937863854,0.6060921075570651,79.83032802643541,0.42024894599417234,0.0007114464854049497,0.006679438875405573,0.06890344170251146,0.06025388366917797,0.31814418908982767,179.13439952557454,0.4842850383168581,1.1632371974129163,0.12052736824081049,-0.00027851130308386975,0.41759835117234995,0.12537422783450491,0.6382309114289199
2011-03-06,13,0,67295.57553718166,0.4876198160993939,4.9400277209160235,50.126,4.928,953.2443655063313,7425.627093572921,33024.989676714446,1704.2094374152443,16.828265394296302,828.3540849262581,23.459633760198216,0.33067651620991906,4.281301080991048,0.6156677766051695,1419.8417742935792,1.001582452516319,5.20801605040654,0.9756952317559714,0.537453341666562,75.61140943719622,0.3653149724220172,-0.03680941845368541,0.004598142241803075,0.12839331363526865,0.054764416872140585,0.30177509209005476,168.24623980453458,0.4259703266663793,1.0031074919429608,0.11099270499786762,-0.000344249859554324,0.37923253579513017,0.12802049848701755,0.6040397165182976
2011-04-17,12,0,66674.38995542775,0.5296028544077098,5.160327424456985,52.849,5.402,962.5716285490344,7424.628861017971,33893.19911592378,1606.2178757660704,10.637177766591563,936.0033370804792,32.882594483245796,0.39891108874263115,4.352425605163986,0.7579459836851918,1383.6865112440696,1.5498262598457893,3.417259996676866,0.9321372100534306,0.6378317954679789,79.2071239580362,0.35739179922718156,-0.01950522501866097,0.006182956583130957,0.11492190764647055,0.05369840470437838,0.3002794180717477,178.33806093757153,0.41896597774533245,0.9857052014818366,0.11030756838495859,0.002771961773570028,0.46331836353634054,0.09484656333092006,0.6452362130569766
2011-05-29,10,0,60241.12298943321,0.46245350375418975,4.429745077092684,50.211,5.221,1123.0483196398989,8358.92432376963,33216.979702672645,1813.5650016906611,16.158967148416256,1126.9509316113272,34.200670212503766,0.3977553561515079,4.720168312445405,0.8781417144631486,1174.2538859780047,1.1500016242921614,2.9250704534291967,1.0384969198992282,0.7304061360121608,71.01355308045191,0.3845855089236464,-0.015168996040947272,0.004784627449575869,0.08700557217735569,0.05923888193664603,0.34396453597524557,173.56001875949232,0.45691280494777897,1.10518143664136,0.11459732972518341,0.0005729799451626377,0.44428049404498554,0.10168890387381462,0.5994417297949237
2011-06-29,28,0,66607.1046251216,0.5315744083950563,5.66199962173599,58.045,5.427,1407.112816720513,9046.567750247943,32485.37077191574,2023.9176277125196,21.15566806776463,942.3247467229547,34.5583138517071,0.41695804220125193,5.039555218015567,1.1200746881836827,1403.6701989510404,1.445154126128448,3.4596271549422943,0.9879991423540003,0.6842345168417147,81.0747578847603,0.4620943681038434,-0.016535043738670808,0.007778436655841098,0.10414182668214768,0.09018881777390533,0.3569797826974412,189.81573987827522,0.5750477128494541,1.3015902033472273,0.12272608727121959,-0.0011350808084709572,0.543643362231567,0.1236136836532035,0.5985551401829211
2011-07-30,16,0,68058.32551745817,0.5258372006209182,5.71323061994366,57.321,5.254,1152.5481991749898,8446.860982616921,32874.60450475777,1915.15778799059,19.945527649695823,1070.6974263626514,33.080846762702784,0.4090476815879455,4.942283886035545,1.1145373615885728,1419.1478544254378,1.5590109311265703,5.744238614589091,1.1507742353747168,0.7886810525085095,82.03377210509616,0.44130617566854763,-0.01777342014954979,0.004616355198686764,0.10306746404725742,0.08035021816189333,0.32515735866381384,197.83839216797756,0.49996660901919193,1.196543229693914,0.0916927719875631,-0.0009179908901150855,0.4664662743967122,0.09956900087993134,0.625214212345318
2011-08-29,18,0,67725.44283001056,0.5204559828049171,5.149845141590177,51.923,5.226,965.8145487742695,7806.634176584014,33066.32496539606,1729.109090443696,20.581047357764202,915.628308982726,23.300699820853154,0.3792293297724957,5.075816772797754,0.6172381400999297,1420.4311387216794,1.0837043893714422,2.050971832214497,0.9486670941300042,0.6176735542569849,79.91035912907864,0.3796412968181908,-0.0016391963859739413,0.00586519134883825,0.0680814555761083,0.059964606815394554,0.3149337584879663,185.03857002584732,0.45617458899378427,1.107284375192697,0.14999510765287877,-0.0016066560913319211,0.35599029870746884,0.13113721498910372,0.6102079566537832
2011-09-29,12,0,64032.7675506435,0.5232694238389368,4.621348639221962,49.281,5.557,1167.916740196932,8725.801489989157,33272.66935190199,1908.8336699807676,19.84309138469965,981.0882784822536,32.32796394436213,0.381241662039711,4.957409570848083,0.8165441453425952,1308.2213780522277,1.636738845450852,8.928566529015352,1.0332828781294696,0.6626779976387165,78.65293577356859,0.4025982445987046,-0.021045665603759655,0.005230732582841132,0.08879533900688132,0.06438562280671513,0.3611047294187072,177.69786398335032,0.4763448019085514,1.1806774126401454,0.13591409472574162,-0.0018475881421473061,0.567837889663926,0.1060950309097058,0.5739718047645411
2011-10-30,18,0,65194.67776626701,0.5011638503841926,4.804650856019396,50.323,5.228,825.5523312570232,7343.826509859028,33481.527494999566,1598.5311032298016,5.7874983892473875,964.6135232451759,27.74950210993908,0.3085771148731068,4.136878780858215,0.5982688026667662,1227.5379256477797,1.3273221038813807,2.464657014400404,0.8825086140117665,0.6038547938799466,77.85759674827453,0.33924437966417936,-0.026742259797330623,0.0031792671947916606,0.12926084430296073,0.052639823483338226,0.2896163854923592,175.03913280439616,0.40203163822725757,0.936813928770239,0.0708506743734823,-0.0016410242920435734,0.38762814085401043,0.07280429378004015,0.6022606866795174
2011-11-29,16,0,65443.053123079204,0.5060193654943717,10.11925208973083,105.585,5.258,875.2441053993452,7385.7476334210305,32280.880952390904,1589.7712280906978,19.402282149574436,820.4877048036006,22.145811642915863,0.3526741031183482,4.42130734455936,0.7268911460330721,1380.360235404721,0.9335391677803763,2.0699251113744643,1.0367147486471793,0.5352966644075727,76.51985587128235,0.3528813449385943,-0.016710821466650264,0.00760591308947234,0.10832104847710011,0.058557217026303,0.30355911595107143,171.68855357826052,0.4244303880314354,0.9828134513049566,0.1600016443964508,-0.0014976921026505136,0.4080491529422756,0.1281356961781639,0.5912453868085845
2011-12-30,15,0,63845.87901786401,0.4982466541552485,4.878490956854695,52.176,5.307,899.1684057037542,7487.244269767146,33090.26231483273,1639.9146293150234,15.081473097662121,898.9127891169204,29.74765204188824,0.3402686822569608,4.481193823164396,0.5808892955975012,1276.7816098228172,1.2476391068764099,1.8007084960768376,0.9145109946438122,0.5874091664337027,76.05632898895583,0.3557174266856743,-0.026572197941834463,0.00303590321618331,0.12265755276770565,0.05998489414534801,0.29651121800810865,171.40822132143745,0.43146460237094303,0.9773043160912388,0.10604372556828916,-0.001861766871035952,0.3397006346972564,0.09169586724736446,0.608238643721258
2012-01-31,12,0,56871.75343404986,0.45852821903778174,4.634060663289798,55.639,5.483,862.7152322032578,7097.685870676264,32248.603359850997,1575.703622824217,15.931989433353289,927.861731147249,28.19499532061177,0.3226634934211508,4.1684119112822176,0.8185788173654877,1105.683790643851,1.6109876989174015,5.830936369027645,0.923414629893889,0.6026169581634002,74.89108179106853,0.32877437019459493,-0.023520599189857622,0.0035209204571396424,0.12122773307531562,0.057975606424290026,0.2945913559368097,168.05720813417528,0.4008981124395813,0.9516283420814603,0.13357917353399323,-0.0016188403685248919,0.5004064147595704,0.08807973778907316,0.5948092432032583
2012-02-29,13,0,65249.81427010856,0.4872816641084437,4.590418708392992,48.039,5.079,684.8583696679858,6251.9540171360895,31756.485439933585,1235.1025190498453,19.96050164170312,789.2247322541781,18.782296725000094,0.2764650869547779,3.97342247325639,0.3386349228467619,1361.331195684658,0.8086607304168953,1.582899321058645,0.9236286056472864,0.4349687343635511,73.94085313786326,0.2581261185561179,-0.01814912602351882,0.003047197217457538,0.05154724903364694,0.0407752755572596,0.26207445662132767,164.47490141444516,0.31126837890539544,0.7570938381320595,0.16384288744022457,-0.0017255859860577797,0.25468477528970007,0.09380561898970544,0.5818868850332044
2012-03-30,11,0,66415.1627826805,0.4954742230231987,4.668970580702947,48.003,5.073,858.5612979011304,7208.134461990092,32415.54268370026,1575.8381614812445,23.042052497641187,850.5271036053337,21.21234809136339,0.3001405667135389,4.462152101925874,0.9235976403904684,1369.6264740945317,0.9459753583656947,2.7716797109643965,0.8627886217409998,0.5404829403563802,74.66165159577665,0.3457416148853622,-0.021139063275138092,0.008935548298060047,0.060621702297300475,0.04225384394428484,0.29419700651342906,161.74918737466632,0.4235679024501929,0.9827748646625956,0.13306205272843624,-0.002227324539516698,0.36370568475368215,0.10660788356456564,0.6136138493048128
2012-04-30,9,0,54973.2806485794,0.41294303008863154,4.029670964129631,50.054,5.108,907.224211476908,7603.398683144904,32684.97442876293,1642.0204596697672,15.7702012556772,948.3516165102167,29.339030596354075,0.33440145041757247,4.3488695485037505,0.6307694472592483,1055.0809956677822,1.0715166365461155,3.0270284873638995,0.7967962286657551,0.5978857096038626,73.85920976592388,0.33831205542143317,-0.01904511634172531,0.005381042271116453,0.07849030954025725,0.05066817898645585,0.31930499713033755,163.02944016321112,0.39469708015521887,0.9277298158128006,0.11350861040225287,-0.0008141224005119643,0.3713324416286546,0.07924090413235817,0.6070431356380703
2012-06-01,11,0,61852.76681939195,0.49555264476529703,4.656306706846235,51.404,5.448,725.372147969199,6583.888129984917,32742.869345094052,1337.744871122572,17.265740850046022,919.9217411205245,26.64562242207955,0.3027186092649922,3.818859133388749,0.5822030677774938,1200.9234072642837,1.2654296944621215,3.23544952724058,0.7435209283624183,0.5431645821562501,76.90437702339617,0.2829535763714482,-0.01944173549303718,0.004514698675611837,0.13769606902752704,0.06704858254543057,0.2759027945516616,171.22699323525185,0.3334994203040872,0.778472010124165,0.12880986274196218,-0.0010135103226556084,0.41080435190452147,0.06522757494486528,0.6197733380942899
2012-07-01,16,0,69673.82161961922,0.44293244880841065,6.119751878219899,59.976,4.323,3013.7630843782717,6328.243319974553,34512.56004769506,1160.443304313145,24.774602374254382,1102.683905511252,15.117370553564669,0.34921036270967204,3.737543546646586,0.9150477762630087,1483.1828391376223,1.2522153332653434,4.0357509720606535,0.9006932364153745,0.6440389776516126,79.4816788419109,0.24922531627515082,-0.022840425421043663,0.0035228638525017946,0.07965450447184594,0.05770450541838583,0.24749249296462802,196.42771265942005,0.2891890955660153,0.6430960089501262,0.08658732438906648,0.0001707151454462709,0.3546097080461466,0.06703976852946036,0.5891136810368801
2012-07-30,14,0,69729.36230974595,0.4423656246154017,4.120591449938245,40.352,4.314,3485.2752385551717,8000.638589556666,34521.468964319225,1667.3577510145958,23.75562050418304,1153.2735835443402,26.153444796772988,0.41315840132624065,4.766665219040117,0.8601314283760518,1418.4078222647947,1.4993946385506334,6.400285883367642,1.1596502574998313,0.706449183279823,82.4788042733201,0.3484072848196531,-0.0035796307724236206,0.004765330161543613,0.07818258609385012,0.05920973086403693,0.3158487816920489,203.69859532546826,0.42045126911196407,0.9219676496459895,0.1098342587632452,0.0002738690635710911,0.42663616397362913,0.08200832949886683,0.6142298487809794
2012-09-01,11,0,65998.26506807891,0.47711562140832414,3.5690826852735356,36.927,4.916,2379.3450316879325,7055.099008997386,34339.777077469145,1426.9919748260397,29.856189374934157,1013.8967087665393,24.769114497009987,0.3800445617852226,4.008417429494153,0.710326597177992,1339.7983461811737,1.1368920227048185,5.277133719034181,0.8199416147173295,0.5809865041570151,81.14108988503746,0.2983077200695632,-0.022182925535140514,0.004587408345635134,0.13151670096293813,0.04798576327878882,0.2932301651253328,196.98667346368853,0.3351152274044683,0.7796314319591194,0.13635252187001912,0.0008482486174846458,0.36288383464341895,0.05226642924635878,0.5869856196763323
2012-09-29,12,0,68871.17959264506,0.435013828367284,4.382329753039992,43.449,4.295,1318.9310083360547,6072.895517205179,35241.97700811137,1130.434192427621,7.211692973607269,947.8050513621308,19.848409264317578,0.3264571351803814,3.567069915128405,1.3482588012515673,1388.947235674096,1.6697557479058476,4.088605340244944,0.9005755640214791,0.5462365189587526,80.47456402248062,0.24516587187424652,-0.02028779914993461,0.006436595933853266,0.08641481905032321,0.05144251027561923,0.24369082260162114,189.41807867654472,0.27314023901868306,0.6337467325627301,0.11187075194075442,0.0006158874275476371,0.5464899185350764,0.05442118025888572,0.5687651693794133
2012-10-31,12,0,65452.057675542485,0.39667279472551514,3.3648482243508773,35.104,4.121,713.1436016143466,5229.006235860069,33544.51332894445,933.2823247003612,14.004417355762895,839.4788571708546,13.010897514230649,0.28288047140928685,3.3494486243288426,0.36637252527625114,1345.006661669201,0.6821264022868693,1.1994440359678324,0.8532207880810851,0.46653549631426466,76.13373276939448,0.20383900411126177,-0.003628398071010944,0.004083348404970273,0.15041549308802032,0.03328320519267449,0.21526773920724893,180.88276749156566,0.22158964824743746,0.5190219876950548,0.1032337830637888,0.0019107666289239526,0.24007376993536528,0.07162879009754453,0.5433845471501064
2012-11-29,16,0,64040.21616244997,0.4383124954116643,3.479363339336651,37.099,4.655,809.6148964386061,5664.256737558786,33826.43853860172,1096.866056002837,12.756631787094054,856.1541765491947,20.082922766844575,0.29628059367477194,3.476391184956525,0.5954745232672942,1328.2635519104365,0.9241054550885811,2.326198917120821,0.7957136125688068,0.4877256936045271,74.63797539183105,0.2334309275905875,-0.016870932731019226,0.00585792560128884,0.08079686430452494,0.04574339730100333,0.2180460861417963,177.2424631431111,0.27449936827836585,0.6076277833785364,0.09024020040129775,0.0004752787470078291,0.304749120461219,0.05690451913704689,0.5754829882685165
2012-12-31,14,0,60413.0723160951,0.41006040159211216,3.4488833650548716,38.982,4.616,1045.6913919301624,6586.544498368259,32798.19339942247,1433.0009010454025,18.64716379111861,844.9861717933067,22.771006018974767,0.31340515686728215,4.230371910384352,0.6282907305638514,1238.6559517082962,0.9999137771550425,1.9712676359956456,0.842555090899309,0.516199029779106,74.2434089177047,0.287080295256874,-0.011838918773095747,0.0071230902316040895,0.16378147279198432,0.05229012634013985,0.2722445654025056,169.72029372173128,0.3453354932006028,0.8031547116252118,0.0984447179924343,0.00046690593286427415,0.34625156847853766,0.07443438630300624,0.5684083963418859
2013-01-30,12,0,59965.382059634,0.3788718211165488,4.126324342253199,46.987,4.297,1195.3877419861644,7308.07246249372,33178.79965614659,1548.2161280213256,18.317626635147654,828.0993453548111,23.606382769279598,0.30279080741627096,4.284907008688046,0.6807195282081746,1227.3086650930495,0.9670889293454467,1.9415061352866223,0.8918515344028378,0.5467132561602476,74.31947522851854,0.32473288801707967,-0.010912971292716364,0.004709856250517944,0.12753512607545464,0.06190350059135353,0.2957832000047253,169.59284780141115,0.3561949156947028,0.832010759512869,0.11451359584034503,0.0009146380041206836,0.39784394966362496,0.09080595704948011,0.5663350272597857
2013-03-03,13,0,51237.93834703798,0.3373902519424029,2.9944993726042024,39.907,4.478,1020.2350178071692,6947.066605756967,33126.608933519725,1399.0067986464471,14.095195284941719,863.9891364189721,22.814908529680203,0.3037511352129992,3.794731544302794,0.5673130142791155,1039.2397519157034,1.5468716669530647,2.628914647817684,0.8404422116218065,0.5246199112175448,71.0572002931801,0.279101974343446,-0.008842447255810766,0.0003534284266532574,0.13031549136820428,0.04975383058643341,0.2781105845805783,162.26893796543868,0.3242870792014202,0.7299988388564927,0.1287193430080842,0.0004600169568371782,0.3821863356544102,0.08283270024680928,0.5796966981304826
2013-04-01,9.5,0,63451.01658312194,0.4453222633107919,3.9349717114967913,42.347,4.773,1104.783475266388,7252.476817847431,33206.475251085925,1493.9722891454658,18.70461189345208,932.089670982259,23.801309346862162,0.31589846461258825,4.427228276808986,0.7768105710809446,1292.9684011983788,1.5935011715865246,4.228554439809541,0.8187235806952398,0.6143482611257912,71.92481510475959,0.31690560621943564,-0.012988678892424532,0.010070051533372907,0.07614896894949899,0.05016616861778076,0.29580738171649096,170.272012147562,0.375504672212593,0.8561131251193143,0.13276274346600017,0.0003354590421735811,0.39136983056812663,0.08232871743856973,0.5771845369061764
2013-05-01,8.5,0,61841.26957583418,0.390757477043,3.9665614165019303,43.798,4.297,1074.043643577092,7426.630579606944,34922.21576815953,1508.8181133090573,20.28026517257725,1061.75523932855,23.90227230029768,0.3252906522903016,4.443836090239406,0.8451054931274454,1259.2574051091972,1.3285127128880272,5.123555943399177,0.8795845180365528,0.6303363513372469,68.3301963048341,0.31821343171516414,-0.018442489323415922,0.005198420798733702,0.08468280989483874,0.042961103976527644,0.30832803469844794,165.15331482928087,0.36151739214774903,0.8311645665878331,0.11353081350135638,0.0017246466612493114,0.80920845968434,0.08671139738900935,0.5420220737104798
2013-05-31,11,0,57767.0679807111,0.3846041239692468,3.3219146605255263,39.267,4.528,793.393996209665,6209.6646071379555,34031.52407845355,1186.1441978398711,10.29756985413245,970.9783729237872,19.822260844649907,0.29656718619950856,3.8159801472426453,0.5388213097035897,1174.3825880979714,1.252721775554747,2.761123287741193,0.8683743198825826,0.5470194293207874,74.33159146839735,0.252555066854564,-0.015512043492740973,0.005903901994272526,0.1544505848075944,0.05624560378802081,0.2636618937813084,179.57734797972816,0.29601029987600513,0.6706331528941172,0.10751492695131724,0.0009233383968466402,0.5447861369509932,0.06511945449432849,0.5923534308353423
2013-06-29,12,0,66038.63623932365,0.4146982352063301,3.7068707658631728,38.329,4.271,848.5687307402629,6479.798935188211,32680.467973182404,1298.8559306491593,21.302573303838848,938.6780290087007,16.31963031375103,0.32095439970700596,4.251162807229728,0.6184149777940116,1385.542975063753,0.9276293731821192,3.267121603151536,0.9233243504483262,0.5233958191491096,78.18644744754543,0.2779500783560628,-0.0021578629792724123,0.007215828776720105,0.13194886874281805,0.04028761253893197,0.2604873925736986,196.8307216279441,0.3359246150970304,0.7343011399607954,0.15508428478880468,0.001363332370842864,0.3147629850235762,0.0894033231934136,0.5661074474879533
2013-08-01,12.5,0,66754.89151114858,0.44818565123582343,3.9490507673039543,40.395,4.566,1023.7597285204248,7616.829090089318,34085.327157807376,1529.7048363765325,18.017314355094275,1067.1966657485593,23.651664939991484,0.3681539859448175,5.443407921493351,0.9463779535432201,1358.8360198431362,1.2028058845727676,2.748814980496011,1.0610391466768117,0.6530361006239259,81.4658091422357,0.3236951641487586,-0.013420710837085792,0.006966392205227671,0.11925381061291271,0.05658962129782956,0.31852135804661835,206.41411421399883,0.3729539934904051,0.8385528913304182,0.14846756698783367,0.0005489091823977268,0.39602853275530936,0.08573207561295818,0.5735376900888738
2013-08-31,9.5,0,68161.19283983773,0.4766127307341509,7.938462093510816,79.527,4.755,658.175350953608,5807.898846115375,34380.79198045767,1059.4065168368572,29.219101261435327,1067.9744220368914,19.073248194817484,0.3296325966947546,3.806809362983871,0.7928780732688075,1409.8591812095792,1.1272409301937438,2.6548702242219173,0.8596965601646561,0.6098582968350561,82.75525966041452,0.2362350496863663,-0.012080443180440388,0.006649585100746849,0.10626504495543841,0.04638214207958105,0.23568529489015333,201.70650903243882,0.265097377974559,0.6020965449248856,0.10044723209236861,0.002013989869856331,0.3618594663316988,0.04951491736117127,0.5821116040034993
2013-09-30,22.5,0,68600.48403787144,0.44366301647013784,5.145766986744866,51.22,4.398,631.9843172896366,5452.18678178256,34411.61334472293,998.5233115219029,12.8873276249454,985.851091141209,18.832948172509063,0.2706539899448977,3.5216069472927347,0.6566065302776978,1415.576419702213,0.8951337236126269,2.7203705372676827,0.964510378699771,0.5628729049157448,79.30869542337413,0.2074060586266136,-0.00976917471726384,0.005172807091246955,0.08096000639962954,0.05236110727480098,0.24471966345026155,195.85790655430085,0.24179042082340785,0.5584322758657239,0.12126670402600345,0.0023986388922719766,0.307796138280581,0.05031304383992988,0.5690142926008922
2013-10-31,13.5,0,68840.95020390107,0.4536338769061268,4.093553691827612,40.604,4.481,687.0708499352804,5972.1462640481195,34468.132402236,1051.9133680759085,24.723426609504155,1101.3495163126283,18.054951471430247,0.3122962281653915,3.939207014191313,1.0667304511966527,1455.3273714841002,1.1273546562584933,3.1324051038781286,0.8690390651626877,0.5948705704720072,78.76721836836106,0.21905495844753486,-0.004335786847323994,0.0067731636231873425,0.10338883510496413,0.06474821939581274,0.23812857756606434,186.81955880942468,0.26984993937607665,0.5860225769397462,0.10790078148461185,0.0016057138193127836,0.4045216690775949,0.050923587110947466,0.5835343118199181
2013-11-30,12,0,72582.23296308424,0.4417005690591284,3.9332396125062496,37.003,4.139,771.2119660695062,6295.750761088614,38539.610806999066,1013.95922823155,40.39172343420285,1000.5164279752247,12.819945275681736,0.30122955273854535,3.9626410682045377,0.6197238009925476,1422.5946387642014,0.8985941266588455,6.060221466123318,0.984756429640097,0.49475837876309475,76.6604314403999,0.21406208136595772,-0.0009408415657350479,0.006857292167782794,0.11051139223267362,0.044513995725962756,0.25316652288980623,189.55372032520717,0.24943522272427657,0.5727600077470104,0.17387202621226458,-4.508473540535523e-05,0.482459999848129,0.06846919410400944,0.5700364294342827
2013-12-29,10,0,62078.8920928154,0.39675138755817096,3.6887861824742845,40.575,4.346,669.5970518692993,5882.2254411525555,33119.67234109286,1010.3222767764564,20.152461644315633,1040.4394481096474,16.308465040456262,0.2675160971459705,4.150100782494371,0.9230138319989682,1283.778144844936,1.4097044853169052,6.027221861196899,0.8793235792639478,0.6077668768919995,74.089248194231,0.21179579915850785,-0.004243894120716167,0.0073594949178634895,0.2371910408115131,0.06589155123748544,0.21944293475616353,171.81304856293752,0.23584708905282056,0.5466031586754464,0.11201994592443405,-0.0012359717367314148,0.4705002324018033,0.05259553418520962,0.5722423346184417
2014-01-23,10,0,66013.78341360664,0.41642909254843236,3.5642349541172234,36.868,4.29,685.0734060315527,5609.297038841202,33227.84361483898,1005.0485701433036,27.854002712761652,875.1438080193357,12.295162197621735,0.23637300745383327,3.7056269370112735,0.4682834695942791,1351.1234327248706,0.8414589768966273,2.1537252695738958,0.8995186476614001,0.47092030656957484,74.39902258544363,0.20972923501167695,-0.006242030480270723,0.007742870405125946,0.09738127057674047,0.029811461426110058,0.2346526671765859,172.93982185761564,0.2438516886658594,0.5505149350793105,0.16241073798780847,0.0002409035034283946,0.28730648291971156,0.06777568409738416,0.5678319108736567
2014-02-28,9.5,0,63062.00243124865,0.4284344753211828,6.349036540050359,68.747,4.62,422.81408128585963,5155.891123335444,29697.2653383314,1009.4542597038112,20.113944035583952,688.3509078464662,12.495454196059852,0.21702789509999307,3.5588811835574057,0.797529277874314,1385.9474812861515,0.9190393035982577,3.182861567915114,0.8174829058316149,0.3970702693705556,66.57831357056261,0.21708306816977585,-0.01441715667130742,0.005410646271391974,0.13324202942038943,0.06291199641946112,0.22445155917019252,156.14859070416423,0.2473801642267661,0.5771897994530635,0.17043146761335837,-0.0004690768759740323,0.443541352104219,0.08108451248819795,0.5072104422129927
2014-03-30,9.5,0,65052.74218295233,0.43960745873020174,3.5670681507608983,37.442,4.596,748.2063675057859,5715.396976959202,32661.6508242473,1008.3889722975691,27.89494380257853,856.4941717280185,12.805619452755918,0.23580456851730783,3.5793445094366603,0.6871638976704018,1372.4416613676076,3.001875960650025,1.8696966858626418,0.9834677469049009,0.4593313544111756,73.28655704151727,0.21896157281430967,-0.006907011636269556,0.0058882272257213125,0.15485710760080051,0.035672970092712225,0.22247057184767283,171.91635412667057,0.24588385825056452,0.5724281915810938,0.16410425878587068,0.0004109676326769948,0.29971132649616533,0.07010628464511635,0.5472154981537566
2014-04-29,10,0,60109.3129645788,0.4516104400462378,3.4894715350498737,39.64,5.109,745.9073646083253,5946.385524256196,33274.24153864665,1063.6981215417993,20.01640949613227,1075.4275137798757,18.36393816180376,0.2306057078894536,3.6646578283111357,0.6513007230082777,1252.1422423216618,1.1784392590331116,2.2808227177085127,0.8612010961321379,0.5801570687856709,73.01425187677975,0.21958728370073835,-0.01982564685730069,0.00652369295791977,0.16388902368773503,0.04020624155023642,0.25913467594278605,168.10324458085742,0.26046074891199766,0.5917092966876841,0.13056286213483187,-0.0013062440378380704,0.4005069043493501,0.049947757133415156,0.5676673073090307
2014-05-30,11,0,67236.9831514487,0.43027838788375833,3.5139780568300285,35.687,4.352,672.81024988519,5407.980456777549,33492.917638224535,893.2287388971023,21.62236743300694,931.9056485908795,11.568890941392807,0.24805175405589186,3.4560006862945354,0.5294915973108417,1396.4762212773558,0.7756871918486538,5.3463785995538915,0.9043794611854367,0.46536534825707704,76.42882055939536,0.18892591910156206,-0.026209635247282235,0.0017737876417863317,0.20674542497578247,0.03311893830543965,0.20543066973170496,181.0376804059097,0.21348141350931318,0.49388168064481414,0.1544219472915186,-0.0012804765344428147,0.2520547195959232,0.05768286468470003,0.5672004612069151
2014-06-30,13,0,71434.2416094261,0.47493542281524465,4.513248887733432,43.142,4.521,641.7555873328453,5649.7586448724605,34279.78827103002,937.0606047512471,65.167182588011,1023.4184582949194,16.58184139536989,0.30124690641649654,3.4887947214743105,2.3166571691635194,1484.1291376538488,1.3759000587764827,4.011055720285618,1.1024201790770052,0.6082809138045822,80.88338894596659,0.20656382924614733,-0.027965013079764026,0.0017960208655821847,0.10215411941855543,0.06505770837075445,0.21506156849730787,199.54309724107983,0.25124839168539664,0.569980316461992,0.011479047665891334,-0.0019362265699832638,0.514736318577016,-0.006251917666176342,0.5816265001896016
2014-07-31,17,0,70198.96619871183,0.43722728756592855,3.8484545957085845,37.435,4.236,495.6072590259269,4037.75387718778,35099.6103899846,516.0101545253924,11.932496105348829,948.2007435916959,8.221198906613287,0.2616871941934655,0.7850589551610629,0.15408451424847122,1453.4958608533216,0.3628058806521238,0.9200797087841374,0.7006281410502752,0.36227665148810156,81.37978201849869,0.08621681064902532,-0.03007594301641511,0.0007115829448936979,0.007552377647073541,0.02110997251498569,0.11193068327359076,204.6734488663293,0.0600148772470807,0.10676571581004604,0.1474775996552495,-0.0010310649683691775,0.11064053460418094,0.00016931689665114103,0.5671923633837348
2014-08-30,12,0,68339.72496288417,0.4969692836041348,3.489691251537101,34.868,4.945,568.1905016292907,4306.989598391112,33911.919690371586,603.7467178054957,25.27089851463984,931.1885737445522,8.998542260894448,0.253446005962571,1.0993906927136923,0.48177602634135797,1406.2977664229848,0.45562851915499003,1.1444024961837493,0.8628108851392996,0.3471105588397228,79.5240399083486,0.09675770179230296,-0.028115347099401913,0.004559735811276952,0.011257319661258973,0.02191317258760012,0.12524965465069862,195.29976194059495,0.07233527721696001,0.14372749057820836,0.141728755310184,-0.0020604994227816503,0.16548730494212907,0.004988792044698466,0.5498600663201049
2014-09-29,11,0,69515.87214074172,0.42508425391522436,3.326793267547909,32.678,4.159,594.2026985347096,4798.3201524722435,34120.75870934781,620.5095586882603,121.82926244340756,946.6179074826534,9.706180513235664,0.2327057865180552,0.9585752263265668,0.5102129313987941,1447.6478381750776,0.5156911044587175,1.5379455696931446,0.9391910507163899,0.33251991904873374,77.01820758504522,0.10122141164000457,-0.035854410923359704,0.0027810359744241185,0.0021016647625593477,0.013163674562499254,0.12492581227050098,187.81514367046898,0.07376766552742042,0.1436926728056686,0.16940802016089712,-0.0013929700705172716,0.1656304745060807,0.002493065819797826,0.5360832354710513
2014-10-31,10,0,67344.7492669571,0.41828248338184754,3.2495378506808166,32.948,4.224,539.1406963336086,3997.3432287084197,34371.08500667252,535.4973456511945,10.409145932431837,819.9466172669499,8.367019864539461,0.2131229463611847,0.8498880165002674,0.2152746532000627,1429.2925296335723,0.3563434277766543,1.1346257165991527,0.6328983579749893,0.2903174469408645,77.91004282481339,0.090548531572049,-0.032331954127461836,0.0036854069957971886,0.0064157334438209625,0.011364952362980076,0.10240811077796712,182.68349618564218,0.06357973538449856,0.11381250950721343,0.1533884139616565,-0.002191785231070235,0.18386505561112357,0.003826067264279054,0.5337589151719975
2014-11-30,12,0,67412.5404105716,0.450186986124149,3.174040722452001,32.151,4.541,793.5266725849609,4523.680470913613,33482.838832106594,664.604250926232,26.059082153748328,800.911034388678,10.235629952862567,0.26722165200417686,1.068366666725545,0.5572816971317297,1450.4687685090942,0.3661635853843907,1.4814996907030247,0.8036429723033891,0.29618372956404365,75.08848106377613,0.10114861943316476,-0.02583576386415663,0.005150415740463342,0.012571035446053811,0.019107162836905042,0.1257723860149682,178.68851068077367,0.08178062838704901,0.14610832947265526,0.21028835516735997,-0.0004530993743327269,0.15622351803186563,0.008265205881153944,0.548547259700725
2014-12-31,13,0,68473.7005152394,0.4176657222284056,3.161562881938674,31.528,4.148,679.8103869125789,4083.184719153445,34272.43262899496,584.9963711814221,152.63778772791574,809.4385939637272,9.41361181730834,0.24682676426393568,0.907129938780594,1.9085173139424663,1424.9692795072324,0.48134581808762456,4.121174485155584,0.737764901452303,0.29505384742728386,75.67221750306722,0.1137864334260388,-0.04286637717726487,0.003498918947589959,0.00048029931097301394,0.016298287073525465,0.11711634512785056,182.59012958585774,0.08734407222456252,0.16891409980208527,0.17439905285799814,-5.1676074675212084e-05,0.3764472850308572,0.009573048912383975,0.5729848488746877
2015-01-30,13,0,68424.39155172651,0.4168147125026859,3.206227624909775,31.996,4.143,613.6525721331498,4000.8918165099512,34037.88902610702,526.333903285564,21.294761920648373,815.3430924627676,8.350128322709642,0.22004205330635113,0.8167275686802205,0.5068234754734132,1448.5232189418368,0.34033601173541933,1.1105533263678078,0.7611884631504111,0.3017772881103619,76.29640502259657,0.09471776517304259,-0.03531576064146518,0.0042064332652535785,0.003655206566437385,0.01431857468356848,0.10070386451376735,176.01840026802375,0.06203731470723658,0.12173379469723816,0.16957993989759773,-0.00043642699628831705,0.15004950999358455,0.0036413702928557367,0.5565816156974388
2015-03-03,11,0,67769.79747838408,0.41062557302307123,3.182719660271483,32.069,4.121,736.6695316831424,4380.737584519828,34003.31561639199,607.2246623109913,16.52970728216221,810.469698411195,9.409418255062162,0.2324997368757301,0.9586082337007393,0.4114763082298676,1435.1175561150026,0.3664271521732162,1.0818051923766696,0.6407213058936595,0.2875809365651579,74.44035767977888,0.11086544744046448,-0.03198923809796809,0.004188574948598639,0.01111839360316485,0.009603344440351718,0.11635777399160019,176.20822126308786,0.07229420196677051,0.13258868951414823,0.16743394021368904,-0.0014977668197726061,0.1524385027938663,0.00758623363908894,0.5780606425245283
2015-03-30,10,0,67462.08142396962,0.424531319747443,3.5655855424961627,36.09,4.28,794.9322596712159,4825.75921224543,33744.2920042464,644.0042393791822,29.284050609616504,1123.804210311167,9.994523566244995,0.2579645294660853,1.072264207662695,0.9226388099160919,1399.2233474423606,0.7532573689069787,2.331082391401652,1.0515591522922563,0.4603159622579994,74.42109674634048,0.10757364727143198,-0.03348350513529074,0.007939268639406841,0.01649467371153848,0.02132189656168809,0.13120947548308917,176.99768118802467,0.07432941114215072,0.15890742367718194,0.16609856345618504,-0.0007974858823983315,0.4377483666888152,0.005516596492970547,0.5535166869929877
2015-04-29,9,0,71646.31458551652,0.494635449664138,3.2692523956866895,31.158,4.695,690.2848164625681,4047.5217213560395,35575.65904708256,607.9949582343888,44.48925324063668,1005.1448601066666,10.34432335262835,0.26344430303796135,0.7225785553161078,0.5904323164376689,1529.6963423112652,0.4306195425670769,1.3611894572940184,0.7294405083361556,0.45428376838502676,79.37724683379786,0.0903436629221322,-0.012161500923880804,0.004593582233855983,0.010530207864421628,0.017445053760787952,0.13774144557900245,188.87055911278176,0.07386671374457753,0.16440581461391263,0.15749822344618408,0.00013522390037787264,0.22655699032138832,0.011994826746805137,0.5658397347593692
2015-06-01,18.5,0,69355.33827663469,0.48167732959652204,3.5403328158555754,34.856,4.723,703.8567870102166,3973.187399503777,34133.340439919906,556.8531040561327,41.20744282231551,907.582673426623,9.408995977025969,0.25848134548841667,0.744298534219168,1.4928404337063295,1463.762163124147,0.4074974356569245,1.95385458101665,1.0188604270663435,0.3657685864738165,78.77174682266286,0.09198890708082855,-0.030988105606083644,0.0032605556854674285,0.0015290575405610216,0.017729536843749928,0.11822614908233903,192.5805824922027,0.0696332022731294,0.15857892274773042,0.14788133673727294,-0.0010667884165031873,0.19033376723040127,0.0025798779338084108,0.5750586588397671
2015-06-30,26,0,69959.04318697973,0.4079354180671809,3.2579528601408905,31.799,3.965,638.4059493671781,3823.074454072238,34337.139710082076,521.9320218316735,25.089344768801197,871.4911012736534,8.662621143439619,0.26435810643381785,0.661777871974733,0.3671250035041919,1438.6195653111085,0.3387710532083434,1.0898302491498812,0.6708393449832504,0.33258396332319845,79.82118127890408,0.07938653090021144,-0.03275289604572558,0.0012183405515551634,0.004231761947759329,0.019966458498483015,0.12065342445819352,193.50662648228027,0.0629348287896324,0.11830612285794646,0.12198558013452382,-0.0006725831433772419,0.15170083995594738,0.003024026823128443,0.5771000823292002
2015-07-30,26,0,70893.37465555508,0.43499202253249575,3.7222215241796532,35.852,4.173,537.8281601859154,3528.9015877174224,35326.51418280949,416.83594628078225,11.669441395032397,973.2187965208134,7.541280538026091,0.25620496855106767,0.6108520276236397,0.34326953848075165,1456.9147510151188,0.3993551528322834,0.8136042502031126,0.9010500801697934,0.35866653958676725,82.07799880677534,0.07070355898557065,-0.03159728231558079,-0.0007725829175656734,0.0048640761538419515,0.01695889171032348,0.10128125211139666,197.53239820739745,0.050602027532363036,0.1027288092682599,0.1070040774701345,-0.001506706431699932,0.14494201651261435,-0.00011820932207135524,0.5786992489782568
2015-08-30,13,0,68301.31777354071,0.4278373486762783,3.268957647856715,32.681,4.26,624.6137604141082,3754.5539441896995,33912.93584915159,473.07113675379827,19.25880241653821,867.7037693175213,7.673050949973042,0.24674335626868366,0.6065974557882394,0.28961170839521255,1425.5706084691599,0.3607744631722145,0.8299996891445957,0.6720503516714046,0.3296592562985724,77.48484670166988,0.07822021452735566,-0.03360871607883048,0.0026622215132452334,-0.0005455986656888732,0.06568877845193413,0.11749171385463246,185.35446811214922,0.057525837141831,0.1201004251730324,0.12039201613348009,-0.0016160048821362186,0.1219632928062275,0.0004912053517490221,0.5430489665862253
2015-09-25,11.5,0,68920.62670119075,0.4500698341041476,3.2474121022659386,32.174,4.441,534.2953448803812,3428.6891084464532,35020.332338005755,434.1683839569153,16.87059471925572,866.2204833115754,7.73496173488774,0.23512110741671358,0.5715877333222719,0.23724881406275272,1398.7519975282958,0.27702797359716047,1.368596819498675,0.6950986778966469,0.3087960544292502,78.88948462450747,0.06489912109430827,-0.03964577206028966,0.0018199551803073167,0.004339812032385731,0.04536745827762099,0.10450086118251799,185.33341060320691,0.05177506663891515,0.10775584246422241,0.11339679375988342,-0.0005402490722332601,0.11082666019606337,0.000890611379897209,0.5725831531612277
2015-10-30,12,0,68603.16085629523,0.41913849296950845,3.072753344246032,30.584,4.155,650.2986147315021,3771.535890026908,33921.540703551174,503.1188507314135,22.1165326855925,810.7430244847648,8.276626687123224,0.2359884958426661,0.5858054833003951,0.16640682994403214,1409.3535252485756,0.27716117500296944,0.7078434890715567,0.65931721280766,0.29538844331254266,76.78347177892587,0.06709450252557439,-0.030103452984380583,0.002317610227903836,0.006379306640612366,0.022511269441646258,0.11312948840038985,178.23937473303917,0.060984076533813616,0.13280776908383304,0.15064549691201573,-0.0011947337039608327,0.13803419942052622,-0.0008287325015676407,0.5609514549376787
2015-11-30,12,0,69012.90248435532,0.41048373287316414,3.0209584082864813,29.89,4.045,753.7365728053056,4004.2644110300616,34062.8212293456,554.1938681466188,22.796617630119165,823.3897889518463,11.951156357671938,0.24404500158803852,0.6800056859677093,0.2974890573646666,1378.785203226376,0.32937583372023665,0.9208631490512927,0.6312656310972087,0.317973117474146,76.89290875821034,0.07583988055276808,-0.027536434645038268,0.0015202328294569192,0.007464758777561859,0.014842710677744694,0.12072790473749526,174.71199119146044,0.06646309080953866,0.1410056608682767,0.14536388274317827,-0.0009267851884807878,0.12934586420730135,0.0006403716010938862,0.5473765687891494
2015-12-30,11,0,68042.89429646157,0.4005760495681693,3.029842082530913,30.406,4.004,560.1575697333061,3428.5054809168832,34350.6465321001,400.97391328971264,11.536744137586698,808.6226775691589,7.326289107546979,0.21478633667028044,0.5319421174247317,0.070350802112253,1412.840352225055,0.4004049531718931,0.8507693580525938,0.6203759594790215,0.28031908002541117,75.44469533119818,0.059645932448598483,-0.03676764766083796,0.0021118322861742992,0.004392540014002192,0.014336456028230164,0.09052756050804661,174.56972867195842,0.04691114306253346,0.09861919314776575,0.11043434849092448,-0.0016293304089811066,0.11143262793310005,-0.002596416229955037,0.5989007901544106
2016-01-31,,,68104.68031810752,0.40401699256606344,3.1152967410111176,31.235,4.034,591.0340007876935,3441.404319075586,33922.81235743828,436.5932707855455,14.571353827518157,817.9913041807406,7.653220769545219,0.20837184550256393,0.506422072572232,0.12212044449552263,1364.5586839241887,0.31987218795527705,0.8541672474280683,0.5855657941378186,0.283701818186049,75.00478323842567,0.06707583854112527,-0.04368963936791162,-0.00044549202882027014,0.0005992759067366344,0.014217632401892687,0.10412539132357522,171.9282935805853,0.05561819815627923,0.10363842275325781,0.12480438779078429,-0.0001241887301542153,0.11114599803095357,-0.0027892184545352987,0.5744960114983046
2016-02-28,,,69681.5471895292,0.4427322242051177,3.2720472171768784,32.064,4.321,643.737898591007,3642.1737402599892,34662.597715542004,473.4154639286722,11.356912504608395,824.3465678034258,8.640383791491994,0.26079050673743215,0.5733486918188689,0.1682108545880972,1446.9369689446305,0.2643133687100234,0.7175032395727426,0.5982637131999982,0.3218585234059977,78.78816105947193,0.07379947229073298,-0.019224550404526926,0.0018463006743477171,0.011364918760204496,0.009354931102673375,0.11199668266348163,176.72839060607612,0.05995397330772451,0.11041998074626631,0.12211871732379025,-0.0007963364793887925,0.11852666377629387,1.3917796534006057e-05,0.5814142334878395
2016-03-30,,,68987.05463174138,0.43161467691448274,3.1436987078505894,31.116,4.255,591.9850274911973,3510.108881732471,34219.66496112307,428.5664447588494,22.468234760725373,825.2706260765509,7.412172522487997,0.23265667026794454,0.6298607078004886,0.7261297808502725,1460.2537377682193,0.6940203279136363,1.0563249550405747,0.6772209238918944,0.2882129521967267,76.94496820047173,0.06971494962575202,-0.03351660088823527,0.002687156787722981,0.006508254274151491,0.025029199882364375,0.0984154220593281,177.77659563121696,0.05307144860825345,0.10943934311419441,0.11981582816082811,-0.0012005721250135672,0.23399612894409558,-0.0031588091916094335,0.5915635073157771
2016-04-28,,,69328.1498901636,0.4218155490788891,4.027654397433456,39.67,4.138,623.8240536161597,4180.035763859631,34800.32990255577,432.9720671761763,21.093592508438054,1634.3654564284122,7.835385329599134,0.24825447145922677,0.6175934270163981,0.8404383695843461,1376.3547564547196,1.8260637657439873,3.4513041387343564,0.7713459875404935,0.7903832194172419,77.83105391431059,0.07131931033645433,-0.03352591488521877,0.004855144603234324,0.028641277482065745,0.05094328063823386,0.11318387561101519,176.39837805958766,0.05519362915430684,0.11113673369571848,0.08832857041269777,-0.0005236255733622412,0.24788778207100273,-0.00479231813553606,0.5995760359545408
2016-05-30,,,74026.43954639253,0.23278585672599952,1.964303393463958,18.119,2.139,932.2363956013786,2988.422295875516,35732.39713259234,337.1661220730575,-7.965224069414184,811.8997944690635,5.621066662242677,0.19758674669271248,0.8393551575544927,0.7413326915918781,745.2087285953511,2.244079309421853,1.599280242719437,0.9782753190105632,0.35036963698584106,79.98441798707886,0.051479413994373426,-0.03914825631784366,0.024305010005553088,0.015232118571172935,0.019643408520495752,0.08506004861505358,193.15497386285347,0.04866644772743398,0.10842739736373168,0.08423402425366806,0.0005273446989383681,0.15069991272192365,-0.00013642074647675703,0.6026736698915363
2016-06-29,,,73434.50669459924,0.23177046554606595,1.7509356738507873,16.281,2.146,1091.9197612226453,3516.412957561619,35289.263572023956,450.52504200766793,-8.933820640675425,829.9467020307351,7.25571124279688,0.23126016959820614,0.9827511815027152,0.25736542962384806,696.2753772008208,2.2392592061662415,1.8645716334335722,0.7615524192418889,0.35634443039263886,79.10401719781994,0.06481905928823035,-0.031373856221335095,0.028086742438191904,0.014688857600599051,0.028273654415652626,0.11422656222756876,201.72213025985488,0.05682300332334911,0.11518465454954603,0.11971460861714438,-0.0002784624097046793,0.20414398506300047,0.0012342628204957849,0.6013183165043748
